Attributes,Adj Close,Adj Close,Close,Close,High,High,Low,Low,Open,Open,Volume,Volume
Symbols,AAPL,GOOG,AAPL,GOOG,AAPL,GOOG,AAPL,GOOG,AAPL,GOOG,AAPL,GOOG
Date,,,,,,,,,,,,
2022-01-03,180.95973205566406,145.07449340820312,182.00999450683594,145.07449340820312,182.8800048828125,145.5500030517578,177.7100067138672,143.50250244140625,177.8300018310547,144.47549438476562,104487900.0,25214000.0
2022-01-04,178.6630859375,144.41650390625,179.6999969482422,144.41650390625,182.94000244140625,146.61000061035156,179.1199951171875,143.81614685058594,182.6300048828125,145.55050659179688,99310400.0,22928000.0
2022-01-05,173.91064453125,137.65350341796875,174.9199981689453,137.65350341796875,180.1699981689453,144.29800415039062,174.63999938964844,137.52349853515625,179.61000061035156,144.18099975585938,94537600.0,49642000.0
2022-01-06,171.0075225830078,137.55099487304688,172.0,137.55099487304688,175.3000030517578,139.68600463867188,171.63999938964844,136.7635040283203,172.6999969482422,137.49749755859375,96904000.0,29050000.0
2022-01-07,171.17654418945312,137.00450134277344,172.1699981689453,137.00450134277344,174.13999938964844,138.25474548339844,171.02999877929688,135.78900146484375,172.88999938964844,137.90499877929688,86709100.0,19408000.0
2022-01-10,171.1964111328125,138.57400512695312,172.19000244140625,138.57400512695312,172.5,138.63999938964844,168.1699981689453,133.1405029296875,169.0800018310547,135.0989990234375,106765600.0,34096000.0
2022-01-11,174.0697479248047,140.0175018310547,175.0800018310547,140.0175018310547,175.17999267578125,140.32949829101562,170.82000732421875,136.81350708007812,172.32000732421875,138.1804962158203,76138300.0,23502000.0
2022-01-12,174.5171356201172,141.6479949951172,175.52999877929688,141.6479949951172,177.17999267578125,142.8142547607422,174.82000732421875,141.11199951171875,176.1199951171875,141.55450439453125,74805200.0,23642000.0
2022-01-13,171.1964111328125,139.13099670410156,172.19000244140625,139.13099670410156,176.6199951171875,143.1855010986328,171.7899932861328,138.91400146484375,175.77999877929688,141.8404998779297,84505800.0,26566000.0
2022-01-14,172.07135009765625,139.7864990234375,173.07000732421875,139.7864990234375,173.77999877929688,141.20050048828125,171.08999633789062,137.5,171.33999633789062,137.5,80440800.0,23826000.0
2022-01-18,168.82020568847656,136.29049682617188,169.8000030517578,136.29049682617188,172.5399932861328,137.39149475097656,169.41000366210938,135.61700439453125,171.50999450683594,136.60000610351562,90956700.0,27382000.0
2022-01-19,165.27081298828125,135.65199279785156,166.22999572753906,135.65199279785156,171.0800018310547,138.39950561523438,165.94000244140625,135.5,170.0,136.93850708007812,94815000.0,20796000.0
2022-01-20,163.5607147216797,133.50650024414062,164.50999450683594,133.50650024414062,169.67999267578125,137.91200256347656,164.17999267578125,133.14450073242188,166.97999572753906,136.51400756835938,91420500.0,21930000.0
2022-01-21,161.47283935546875,130.0919952392578,162.41000366210938,130.0919952392578,166.3300018310547,134.760498046875,162.3000030517578,130.00100708007812,164.4199981689453,133.01199340820312,122848900.0,41920000.0
2022-01-24,160.68739318847656,130.3719940185547,161.6199951171875,130.3719940185547,162.3000030517578,130.77850341796875,154.6999969482422,124.64195251464844,160.02000427246094,126.02749633789062,162294600.0,55148000.0
2022-01-25,158.8580322265625,126.7354965209961,159.77999877929688,126.7354965209961,162.75999450683594,129.3385009765625,157.02000427246094,126.37799835205078,158.97999572753906,128.4355010986328,115798400.0,36008000.0
2022-01-26,158.76853942871094,129.24000549316406,159.69000244140625,129.24000549316406,164.38999938964844,132.8074951171875,157.82000732421875,127.15350341796875,163.5,130.59249877929688,108275300.0,39630000.0
2022-01-27,158.30126953125,129.12100219726562,159.22000122070312,129.12100219726562,163.83999633789062,132.60995483398438,158.27999877929688,128.94500732421875,162.4499969482422,131.36099243164062,121954600.0,30248000.0
2022-01-28,169.34713745117188,133.2895050048828,170.3300018310547,133.2895050048828,170.35000610351562,133.37049865722656,162.8000030517578,128.6945037841797,165.7100067138672,130.0,179935700.0,30518000.0
2022-01-31,173.77146911621094,135.69850158691406,174.77999877929688,135.69850158691406,175.0,135.843505859375,169.50999450683594,132.2740020751953,170.16000366210938,134.197998046875,115541600.0,34056000.0
2022-02-01,173.60244750976562,137.8784942626953,174.61000061035156,137.8784942626953,174.83999633789062,138.1999969482422,172.30999755859375,134.56825256347656,174.00999450683594,137.8350067138672,86213900.0,51204000.0
2022-02-02,174.8253631591797,148.0364990234375,175.83999633789062,148.0364990234375,175.8800048828125,152.10000610351562,173.3300018310547,145.5574951171875,174.75,151.86349487304688,84914300.0,89750000.0
2022-02-03,171.90231323242188,142.65049743652344,172.89999389648438,142.65049743652344,176.24000549316406,149.11770629882812,172.1199951171875,142.2050018310547,174.47999572753906,145.2949981689453,89418100.0,56930000.0
2022-02-04,171.61363220214844,143.01600646972656,172.38999938964844,143.01600646972656,174.10000610351562,144.53524780273438,170.67999267578125,139.8175048828125,171.67999267578125,143.01699829101562,82465400.0,49224000.0
2022-02-07,170.8869171142578,138.93800354003906,171.66000366210938,138.93800354003906,173.9499969482422,143.84649658203125,170.9499969482422,138.69900512695312,172.86000061035156,143.70899963378906,77251200.0,44610000.0
2022-02-08,174.04263305664062,139.21299743652344,174.8300018310547,139.21299743652344,175.35000610351562,139.83709716796875,171.42999267578125,136.8730010986328,171.72999572753906,138.9912567138672,74829200.0,34256000.0
2022-02-09,175.48611450195312,141.4530029296875,176.27999877929688,141.4530029296875,176.64999389648438,142.17550659179688,174.89999389648438,140.3769989013672,176.0500030517578,140.84974670410156,71285000.0,28628000.0
2022-02-10,171.34483337402344,138.6024932861328,172.1199951171875,138.6024932861328,175.47999572753906,141.43099975585938,171.5500030517578,138.0500030517578,174.13999938964844,139.5,90865900.0,33018000.0
2022-02-11,167.88052368164062,134.1300048828125,168.63999938964844,134.1300048828125,173.0800018310547,139.2832489013672,168.0399932861328,133.2884979248047,172.3300018310547,138.75,98670700.0,38808000.0
2022-02-14,168.1194305419922,135.3000030517578,168.8800048828125,135.3000030517578,169.5800018310547,136.16650390625,166.55999755859375,133.302001953125,167.3699951171875,133.36549377441406,86185500.0,26792000.0
2022-02-15,172.01182556152344,136.42550659179688,172.7899932861328,136.42550659179688,172.9499969482422,137.89999389648438,170.25,135.5395050048828,170.97000122070312,137.47149658203125,62527400.0,26578000.0
2022-02-16,171.77291870117188,137.4875030517578,172.5500030517578,137.4875030517578,173.33999633789062,137.9459991455078,170.0500030517578,134.8236541748047,171.85000610351562,136.4304962158203,61177400.0,25610000.0
2022-02-17,168.1194305419922,132.30850219726562,168.8800048828125,132.30850219726562,171.91000366210938,136.83949279785156,168.47000122070312,132.20199584960938,171.02999877929688,136.14999389648438,69589300.0,30968000.0
2022-02-18,166.5465545654297,130.46749877929688,167.3000030517578,130.46749877929688,170.5399932861328,133.82400512695312,166.19000244140625,130.3070526123047,169.82000732421875,133.03750610351562,82772700.0,31858000.0
2022-02-22,163.57997131347656,129.40249633789062,164.32000732421875,129.40249633789062,166.69000244140625,131.9007568359375,162.14999389648438,127.74099731445312,164.97999572753906,129.98500061035156,91162800.0,38906000.0
2022-02-23,159.34912109375,127.58499908447266,160.07000732421875,127.58499908447266,166.14999389648438,131.74899291992188,159.75,127.50350189208984,165.5399932861328,131.07850646972656,90009200.0,26432000.0
2022-02-24,162.00709533691406,132.67349243164062,162.74000549316406,132.67349243164062,162.85000610351562,133.03700256347656,152.0,124.7645034790039,152.5800018310547,125.0,141147500.0,43166000.0
2022-02-25,164.1075897216797,134.51950073242188,164.85000610351562,134.51950073242188,165.1199951171875,135.38900756835938,160.8699951171875,131.76499938964844,163.83999633789062,133.52549743652344,91974200.0,26236000.0
2022-02-28,164.37637329101562,134.89100646972656,165.1199951171875,134.89100646972656,165.4199981689453,135.6405029296875,162.42999267578125,132.82525634765625,163.05999755859375,133.2845001220703,95056600.0,29676000.0
2022-03-01,162.46502685546875,134.16799926757812,163.1999969482422,134.16799926757812,166.60000610351562,136.11099243164062,161.97000122070312,133.3784942626953,164.6999969482422,134.47999572753906,83474400.0,24640000.0
2022-03-02,165.8098907470703,134.75149536132812,166.55999755859375,134.75149536132812,167.36000061035156,135.61549377441406,162.9499969482422,133.4324951171875,164.38999938964844,134.60824584960938,79724800.0,23966000.0
2022-03-03,165.4813690185547,134.30799865722656,166.22999572753906,134.30799865722656,168.91000366210938,136.71380615234375,165.5500030517578,133.43099975585938,168.47000122070312,135.97850036621094,76678400.0,19780000.0
2022-03-04,162.43515014648438,132.1219940185547,163.1699981689453,132.1219940185547,165.5500030517578,134.19900512695312,162.10000610351562,130.4084930419922,164.49000549316406,133.38250732421875,83737200.0,24446000.0
2022-03-07,158.5825958251953,126.4645004272461,159.3000030517578,126.4645004272461,165.02000427246094,131.9040069580078,159.0399932861328,126.41000366210938,163.36000061035156,131.9040069580078,96418800.0,39178000.0
2022-03-08,156.73095703125,127.27850341796875,157.44000244140625,127.27850341796875,162.8800048828125,131.2465057373047,155.8000030517578,125.86074829101562,158.82000732421875,126.25050354003906,131148300.0,35250000.0
2022-03-09,162.21615600585938,133.86599731445312,162.9499969482422,133.86599731445312,163.41000366210938,134.19850158691406,159.41000366210938,130.08799743652344,161.47999572753906,131.39999389648438,91454900.0,32258000.0
2022-03-10,157.8061065673828,132.6820068359375,158.52000427246094,132.6820068359375,160.38999938964844,133.5384979248047,155.97999572753906,131.4010009765625,160.1999969482422,131.46249389648438,105342000.0,24266000.0
2022-03-11,154.0331573486328,130.47549438476562,154.72999572753906,130.47549438476562,159.27999877929688,134.1999969482422,154.5,130.29649353027344,158.92999267578125,133.99949645996094,96970100.0,26600000.0
2022-03-14,149.94166564941406,126.74099731445312,150.6199951171875,126.74099731445312,154.1199951171875,131.0260009765625,150.10000610351562,126.41300201416016,151.4499969482422,130.572998046875,108732100.0,30254000.0
2022-03-15,154.3915252685547,129.66050720214844,155.08999633789062,129.66050720214844,155.57000732421875,130.51724243164062,150.3800048828125,126.56800079345703,150.89999389648438,127.74150085449219,92964300.0,30292000.0
2022-03-16,158.87127685546875,133.6905059814453,159.58999633789062,133.6905059814453,160.0,133.77099609375,154.4600067138672,129.2010040283203,157.0500030517578,131.0,102300200.0,32058000.0
2022-03-17,159.89663696289062,134.60049438476562,160.6199951171875,134.60049438476562,161.0,134.739501953125,157.6300048828125,132.718994140625,158.61000061035156,133.3209991455078,75615400.0,23994000.0
2022-03-18,163.2415008544922,136.80149841308594,163.97999572753906,136.80149841308594,164.47999572753906,136.9134979248047,159.75999450683594,132.9320068359375,160.50999450683594,133.88400268554688,123511700.0,45900000.0
2022-03-21,164.6352081298828,136.47850036621094,165.3800048828125,136.47850036621094,166.35000610351562,137.58250427246094,163.00999450683594,134.6114959716797,163.50999450683594,136.84750366210938,95811400.0,26632000.0
2022-03-22,168.05970764160156,140.27749633789062,168.82000732421875,140.27749633789062,169.4199981689453,141.5,164.91000366210938,136.5,165.50999450683594,136.5,81532000.0,29776000.0
2022-03-23,169.44346618652344,138.5034942626953,170.2100067138672,138.5034942626953,172.63999938964844,140.02499389648438,167.64999389648438,138.16650390625,167.99000549316406,139.1385040283203,98062700.0,25302000.0
2022-03-24,173.2860565185547,141.31199645996094,174.07000732421875,141.31199645996094,174.13999938964844,141.39649963378906,170.2100067138672,138.03939819335938,171.05999755859375,139.2725067138672,90131400.0,20544000.0
2022-03-25,173.93313598632812,141.52149963378906,174.72000122070312,141.52149963378906,175.27999877929688,141.95950317382812,172.75,139.69949340820312,173.8800048828125,141.75399780273438,80546200.0,19270000.0
2022-03-28,174.80917358398438,141.9499969482422,175.60000610351562,141.9499969482422,175.72999572753906,141.97650146484375,172.0,139.82815551757812,172.1699981689453,140.6844940185547,90371900.0,23774000.0
2022-03-29,178.15403747558594,143.25,178.9600067138672,143.25,179.00999450683594,144.16250610351562,176.33999633789062,142.48399353027344,176.69000244140625,143.16050720214844,100589400.0,28678000.0
2022-03-30,176.9694061279297,142.64450073242188,177.77000427246094,142.64450073242188,179.61000061035156,143.48049926757812,176.6999969482422,142.16799926757812,178.5500030517578,142.8699951171875,92633200.0,21046000.0
2022-03-31,173.82363891601562,139.64950561523438,174.61000061035156,139.64950561523438,178.02999877929688,142.64450073242188,174.39999389648438,139.61900329589844,177.83999633789062,142.44850158691406,103049300.0,29516000.0
2022-04-01,173.52496337890625,140.6999969482422,174.30999755859375,140.6999969482422,174.8800048828125,140.9499969482422,171.94000244140625,138.7969970703125,174.02999877929688,140.00999450683594,78751300.0,23480000.0
2022-04-04,177.63636779785156,143.6425018310547,178.44000244140625,143.6425018310547,178.49000549316406,144.0437469482422,174.44000244140625,140.82449340820312,174.57000732421875,140.82449340820312,76468400.0,19076000.0
2022-04-05,174.27159118652344,141.06300354003906,175.05999755859375,141.06300354003906,178.3000030517578,143.58999633789062,174.4199981689453,140.94349670410156,177.5,143.39950561523438,73401800.0,19256000.0
2022-04-06,171.05615234375,137.17599487304688,171.8300018310547,137.17599487304688,173.6300048828125,139.84849548339844,170.1300048828125,136.41810607910156,172.36000061035156,139.1614990234375,89058800.0,23574000.0
2022-04-07,171.36474609375,136.46499633789062,172.13999938964844,136.46499633789062,173.36000061035156,137.70150756835938,169.85000610351562,134.8572540283203,171.16000366210938,136.6179962158203,77594700.0,19448000.0
2022-04-08,169.323974609375,134.010498046875,170.08999633789062,134.010498046875,171.77999877929688,136.25,169.1999969482422,133.75250244140625,171.77999877929688,136.25,76575500.0,16434000.0
2022-04-11,165.00352478027344,129.79649353027344,165.75,129.79649353027344,169.02999877929688,132.93919372558594,165.5,129.61749267578125,168.7100067138672,132.89999389648438,72246700.0,24188000.0
2022-04-12,166.90493774414062,128.37449645996094,167.66000366210938,128.37449645996094,169.8699951171875,132.42349243164062,166.63999938964844,127.57599639892578,168.02000427246094,132.42349243164062,79265200.0,23004000.0
2022-04-13,169.632568359375,130.28599548339844,170.39999389648438,130.28599548339844,171.0399932861328,130.65574645996094,166.77000427246094,128.4385986328125,167.38999938964844,128.62649536132812,70618900.0,19542000.0
2022-04-14,164.54559326171875,127.25299835205078,165.2899932861328,127.25299835205078,171.27000427246094,130.7102508544922,165.0399932861328,127.11150360107422,170.6199951171875,130.64950561523438,75329400.0,23484000.0
2022-04-18,164.32659912109375,127.96099853515625,165.07000732421875,127.96099853515625,166.60000610351562,128.71200561523438,163.57000732421875,126.57845306396484,163.9199981689453,127.41000366210938,69023900.0,14918000.0
2022-04-19,166.64610290527344,130.531005859375,167.39999389648438,130.531005859375,167.82000732421875,130.90374755859375,163.91000366210938,127.45149993896484,165.02000427246094,128.07699584960938,67723800.0,22720000.0
2022-04-20,166.4768524169922,128.24549865722656,167.22999572753906,128.24549865722656,168.8800048828125,131.92349243164062,166.10000610351562,127.89405059814453,168.75999450683594,131.28399658203125,67929800.0,22610000.0
2022-04-21,165.67051696777344,124.9375,166.4199981689453,124.9375,171.52999877929688,130.3074951171875,165.91000366210938,124.6500015258789,168.91000366210938,129.35000610351562,87227800.0,30158000.0
2022-04-22,161.0613555908203,119.61399841308594,161.7899932861328,119.61399841308594,167.8699951171875,125.4520034790039,161.5,119.1405029296875,166.4600067138672,125.0,84882400.0,46410000.0
2022-04-25,162.14645385742188,123.25,162.8800048828125,123.25,163.1699981689453,123.27799987792969,158.4600067138672,118.76924896240234,161.1199951171875,119.42949676513672,96046400.0,34522000.0
2022-04-26,156.09384155273438,119.50599670410156,156.8000030517578,119.50599670410156,162.33999633789062,122.75,156.72000122070312,119.16184997558594,162.25,122.75,95623200.0,49394000.0
2022-04-27,155.86488342285156,115.02050018310547,156.57000732421875,115.02050018310547,159.7899932861328,117.5,155.3800048828125,113.12425231933594,155.91000366210938,114.37300109863281,88063200.0,62238000.0
2022-04-28,162.9030303955078,119.4114990234375,163.63999938964844,119.4114990234375,164.52000427246094,120.4384994506836,158.92999267578125,115.1438980102539,159.25,117.11499786376953,130216800.0,36790000.0
2022-04-29,156.94000244140625,114.96649932861328,157.64999389648438,114.96649932861328,166.1999969482422,118.95999908447266,157.25,114.69400024414062,161.83999633789062,117.5780029296875,131747600.0,33694000.0
2022-05-02,157.24862670898438,117.15699768066406,157.9600067138672,117.15699768066406,158.22999572753906,117.3395004272461,153.27000427246094,113.39949798583984,156.7100067138672,113.90650177001953,123055300.0,30280000.0
2022-05-03,158.7617645263672,118.12950134277344,159.47999572753906,118.12950134277344,160.7100067138672,119.30000305175781,156.32000732421875,116.62699890136719,158.14999389648438,116.76499938964844,88966500.0,21216000.0
2022-05-04,165.27230834960938,122.57499694824219,166.02000427246094,122.57499694824219,166.47999572753906,123.14299774169922,159.25999450683594,115.7385025024414,159.6699981689453,118.00350189208984,108256500.0,33232000.0
2022-05-05,156.06398010253906,116.74649810791016,156.77000427246094,116.74649810791016,164.0800018310547,121.2332534790039,154.9499969482422,115.18250274658203,163.85000610351562,120.22049713134766,130525300.0,43090000.0
2022-05-06,156.8017120361328,115.66000366210938,157.27999877929688,115.66000366210938,159.44000244140625,117.49849700927734,154.17999267578125,114.14299774169922,156.00999450683594,115.51899719238281,116124600.0,35310000.0
2022-05-09,151.59759521484375,113.08399963378906,152.05999755859375,113.08399963378906,155.8300018310547,115.56289672851562,151.49000549316406,112.55149841308594,154.92999267578125,113.30349731445312,131577900.0,34520000.0
2022-05-10,154.04013061523438,114.58450317382812,154.50999450683594,114.58450317382812,156.74000549316406,116.69100189208984,152.92999267578125,113.38330078125,155.52000427246094,116.04049682617188,115366700.0,31158000.0
2022-05-11,146.05450439453125,113.96099853515625,146.5,113.96099853515625,155.4499969482422,116.6709976196289,145.80999755859375,113.6500015258789,153.5,113.71050262451172,142689800.0,36502000.0
2022-05-12,142.12648010253906,113.16100311279297,142.55999755859375,113.16100311279297,146.1999969482422,114.85649871826172,138.8000030517578,110.1135025024414,142.77000427246094,111.93800354003906,182602000.0,41464000.0
2022-05-13,146.66265869140625,116.5155029296875,147.11000061035156,116.5155029296875,148.10000610351562,118.08499908447266,143.11000061035156,114.0,144.58999633789062,114.84549713134766,113990900.0,29738000.0
2022-05-16,145.09742736816406,114.7925033569336,145.5399932861328,114.7925033569336,147.52000427246094,116.60749816894531,144.17999267578125,114.33499908447266,145.5500030517578,115.38400268554688,86643800.0,23282000.0
2022-05-17,148.7861785888672,116.70149993896484,149.24000549316406,116.70149993896484,149.77000427246094,117.22750091552734,146.67999267578125,115.3375015258789,148.86000061035156,117.22750091552734,78336300.0,21576000.0
2022-05-18,140.39178466796875,112.4010009765625,140.82000732421875,112.4010009765625,147.36000061035156,115.69564819335938,139.89999389648438,112.14199829101562,146.85000610351562,115.23750305175781,109742900.0,27982000.0
2022-05-19,136.9323272705078,110.74549865722656,137.35000610351562,110.74549865722656,141.66000366210938,113.5875015258789,136.60000610351562,110.46800231933594,139.8800048828125,111.84100341796875,136095600.0,29192000.0
2022-05-20,137.1715850830078,109.31300354003906,137.58999633789062,109.31300354003906,140.6999969482422,112.55000305175781,132.61000061035156,106.37300109863281,139.08999633789062,112.08550262451172,137426100.0,37586000.0
2022-05-23,142.6748046875,111.66649627685547,143.11000061035156,111.66649627685547,143.25999450683594,112.00550079345703,137.64999389648438,109.15425109863281,137.7899932861328,110.10399627685547,117726300.0,31558000.0
2022-05-24,139.93316650390625,105.9260025024414,140.36000061035156,105.9260025024414,141.97000122070312,106.3949966430664,137.3300018310547,102.20800018310547,140.80999755859375,106.37750244140625,104132700.0,60386000.0
2022-05-25,140.0926971435547,105.8395004272461,140.52000427246094,105.8395004272461,141.7899932861328,106.5447006225586,138.33999633789062,104.21125030517578,138.42999267578125,105.14199829101562,92482700.0,37900000.0
2022-05-26,143.34275817871094,108.2959976196289,143.77999877929688,108.2959976196289,144.33999633789062,108.95525360107422,137.13999938964844,105.48799896240234,137.38999938964844,106.05049896240234,90601500.0,30288000.0
2022-05-27,149.18495178222656,112.79900360107422,149.63999938964844,112.79900360107422,149.67999267578125,112.86799621582031,145.25999450683594,109.55000305175781,145.38999938964844,109.78849792480469,90978500.0,29924000.0
2022-05-31,148.38739013671875,114.03900146484375,148.83999633789062,114.03900146484375,150.66000366210938,116.43350219726562,146.83999633789062,112.57250213623047,149.07000732421875,113.0790023803711,103718400.0,51302000.0
2022-06-01,148.25778198242188,114.13700103759766,148.7100067138672,114.13700103759766,151.74000549316406,117.39900207519531,147.67999267578125,113.55049896240234,149.89999389648438,114.93150329589844,74286600.0,28630000.0
2022-06-02,150.75018310546875,117.74600219726562,151.2100067138672,117.74600219726562,151.27000427246094,117.89800262451172,146.86000061035156,113.30799865722656,147.8300018310547,114.18800354003906,72348100.0,27472000.0
2022-06-03,144.9379119873047,114.56400299072266,145.3800048828125,114.56400299072266,147.97000122070312,116.364501953125,144.4600067138672,113.66799926757812,146.89999389648438,115.99250030517578,88570300.0,25052000.0
2022-06-06,145.6956024169922,117.010498046875,146.13999938964844,117.010498046875,148.57000732421875,119.39849853515625,144.89999389648438,116.5282974243164,147.02999877929688,116.74250030517578,71598400.0,23786000.0
2022-06-07,148.25778198242188,117.22949981689453,148.7100067138672,117.22949981689453,149.0,117.74864959716797,144.10000610351562,115.12550354003906,144.35000610351562,115.64800262451172,67808200.0,26414000.0
2022-06-08,147.51007080078125,117.23799896240234,147.9600067138672,117.23799896240234,149.8699951171875,118.64600372314453,147.4600067138672,116.69674682617188,148.5800018310547,116.87650299072266,53950200.0,22544000.0
2022-06-09,142.20623779296875,114.91799926757812,142.63999938964844,114.91799926757812,147.9499969482422,118.3499984741211,142.52999877929688,114.86699676513672,147.0800018310547,116.34149932861328,69473000.0,23142000.0
2022-06-10,136.71299743652344,111.42749786376953,137.1300048828125,111.42749786376953,140.75999450683594,113.49700164794922,137.05999755859375,110.86100006103516,140.27999877929688,112.78125,91437900.0,31324000.0
2022-06-13,131.4789581298828,106.87650299072266,131.8800048828125,106.87650299072266,135.1999969482422,109.21849822998047,131.44000244140625,106.58805084228516,132.8699951171875,107.44599914550781,122207100.0,36756000.0
2022-06-14,132.3562774658203,107.19400024414062,132.75999450683594,107.19400024414062,133.88999938964844,108.4574966430664,131.47999572753906,106.35199737548828,133.1300048828125,106.88999938964844,84784300.0,25480000.0
2022-06-15,135.01815795898438,110.3905029296875,135.42999267578125,110.3905029296875,137.33999633789062,112.06300354003906,132.16000366210938,108.1187515258789,134.2899932861328,108.89949798583984,91533000.0,33192000.0
2022-06-16,129.66448974609375,106.63600158691406,130.05999755859375,106.63600158691406,132.38999938964844,109.29049682617188,129.0399932861328,105.7925033569336,132.0800018310547,108.14949798583984,108123900.0,35314000.0
2022-06-17,131.15992736816406,107.8655014038086,131.55999755859375,107.8655014038086,133.0800018310547,109.24949645996094,129.80999755859375,105.62854766845703,130.07000732421875,106.53500366210938,134520300.0,43516000.0
2022-06-21,135.4568328857422,112.01499938964844,135.8699951171875,112.01499938964844,137.05999755859375,112.6729965209961,133.32000732421875,109.29350280761719,133.4199981689453,109.7020034790039,81000500.0,39010000.0
2022-06-22,134.93841552734375,112.03399658203125,135.35000610351562,112.03399658203125,137.75999450683594,113.76950073242188,133.91000366210938,110.72429656982422,134.7899932861328,111.16300201416016,73409200.0,23922000.0
2022-06-23,137.8495330810547,112.68450164794922,138.27000427246094,112.68450164794922,138.58999633789062,113.19650268554688,135.6300048828125,111.02899932861328,136.82000732421875,112.94999694824219,72433800.0,24710000.0
2022-06-24,141.22921752929688,118.53800201416016,141.66000366210938,118.53800201416016,141.91000366210938,118.63749694824219,139.77000427246094,113.60299682617188,139.89999389648438,113.60299682617188,89116800.0,39122000.0
2022-06-27,141.22921752929688,116.62249755859375,141.66000366210938,116.62249755859375,143.49000549316406,119.25,140.97000122070312,116.00074768066406,142.6999969482422,118.93499755859375,70207900.0,32840000.0
2022-06-28,137.02206420898438,112.57150268554688,137.44000244140625,112.57150268554688,143.4199981689453,117.85649871826172,137.32000732421875,112.44400024414062,142.1300048828125,116.35099792480469,67083400.0,28232000.0
2022-06-29,138.80661010742188,112.25650024414062,139.22999572753906,112.25650024414062,140.6699981689453,113.66449737548828,136.6699981689453,111.55400085449219,137.4600067138672,112.14849853515625,66242400.0,18628000.0
2022-06-30,136.3042449951172,109.37249755859375,136.72000122070312,109.37249755859375,138.3699951171875,111.32980346679688,133.77000427246094,107.30999755859375,137.25,110.49949645996094,98964500.0,38046000.0
2022-07-01,138.50750732421875,109.08100128173828,138.92999267578125,109.08100128173828,139.0399932861328,109.80635070800781,135.66000366210938,107.1050033569336,136.0399932861328,108.33699798583984,71051600.0,31028000.0
2022-07-05,141.1295166015625,113.88700103759766,141.55999755859375,113.88700103759766,141.61000061035156,114.05259704589844,136.92999267578125,106.24949645996094,137.77000427246094,107.5145034790039,73353800.0,36398000.0
2022-07-06,142.4853973388672,115.2135009765625,142.9199981689453,115.2135009765625,144.1199951171875,116.35199737548828,141.0800018310547,112.25050354003906,141.35000610351562,114.09200286865234,74064300.0,28852000.0
2022-07-07,145.90496826171875,119.30599975585938,146.35000610351562,119.30599975585938,146.5500030517578,119.86199951171875,143.27999877929688,115.53399658203125,143.2899932861328,116.00800323486328,66253700.0,32184000.0
2022-07-08,146.5928497314453,120.16850280761719,147.0399932861328,120.16850280761719,147.5500030517578,120.43499755859375,145.0,117.51399993896484,145.25999450683594,117.55000305175781,64547800.0,29082000.0
2022-07-11,144.429443359375,116.52249908447266,144.8699951171875,116.52249908447266,146.63999938964844,118.79450225830078,143.77999877929688,116.2344970703125,145.6699981689453,118.6500015258789,63141600.0,26718000.0
2022-07-12,145.41644287109375,114.84950256347656,145.86000061035156,114.84950256347656,148.4499969482422,117.84950256347656,145.0500030517578,114.61499786376953,145.75999450683594,116.8385009765625,77588800.0,24970000.0
2022-07-13,145.04757690429688,112.18699645996094,145.49000549316406,112.18699645996094,146.4499969482422,115.15699768066406,142.1199951171875,111.822998046875,142.99000549316406,112.63899993896484,71185600.0,38958000.0
2022-07-14,148.0185089111328,111.44000244140625,148.47000122070312,111.44000244140625,148.9499969482422,111.98750305175781,143.25,109.32550048828125,144.0800018310547,110.82599639892578,78140700.0,32366000.0
2022-07-15,149.71334838867188,112.76699829101562,150.1699981689453,112.76699829101562,150.86000061035156,114.00050354003906,148.1999969482422,111.82250213623047,149.77999877929688,112.96299743652344,76259900.0,34330000.0
2022-07-18,146.62277221679688,109.91000366210938,147.07000732421875,109.91000366210938,151.57000732421875,114.80000305175781,146.6999969482422,109.30000305175781,150.74000549316406,113.44000244140625,81420900.0,33354000.0
2022-07-19,150.5408172607422,114.62000274658203,151.0,114.62000274658203,151.22999572753906,114.80999755859375,146.91000366210938,110.5,147.9199981689453,111.7300033569336,82982400.0,30992300.0
2022-07-20,152.57461547851562,114.69999694824219,153.0399932861328,114.69999694824219,153.72000122070312,116.33000183105469,150.3699951171875,113.26000213623047,151.1199951171875,114.05999755859375,64823400.0,26780100.0
2022-07-21,154.87759399414062,115.04000091552734,155.35000610351562,115.04000091552734,155.57000732421875,115.20999908447266,151.94000244140625,111.91000366210938,154.5,115.08999633789062,65086600.0,27267800.0
2022-07-22,153.6214141845703,108.36000061035156,154.08999633789062,108.36000061035156,156.27999877929688,113.18000030517578,153.41000366210938,107.5999984741211,155.38999938964844,111.80999755859375,66675400.0,44455300.0
2022-07-25,152.48489379882812,108.20999908447266,152.9499969482422,108.20999908447266,155.0399932861328,110.58000183105469,152.27999877929688,107.01000213623047,154.00999450683594,108.87999725341797,53623900.0,28289900.0
2022-07-26,151.13900756835938,105.44000244140625,151.60000610351562,105.44000244140625,153.08999633789062,107.73999786376953,150.8000030517578,104.76000213623047,152.25999450683594,107.43000030517578,55138700.0,36626600.0
2022-07-27,156.31320190429688,113.5999984741211,156.7899932861328,113.5999984741211,157.3300018310547,114.4000015258789,152.16000366210938,108.41999816894531,152.5800018310547,109.5999984741211,78620700.0,41474600.0
2022-07-28,156.87152099609375,114.58999633789062,157.35000610351562,114.58999633789062,157.63999938964844,114.69999694824219,154.41000366210938,111.85099792480469,156.97999572753906,112.80000305175781,81378700.0,23303800.0
2022-07-29,162.01580810546875,116.63999938964844,162.50999450683594,116.63999938964844,163.6300048828125,116.9000015258789,159.5,113.2300033569336,161.24000549316406,113.4000015258789,101786900.0,31336200.0
2022-08-01,161.01885986328125,115.4800033569336,161.50999450683594,115.4800033569336,163.58999633789062,117.12000274658203,160.88999938964844,114.69000244140625,161.00999450683594,115.52999877929688,67829400.0,22856200.0
2022-08-02,159.52340698242188,115.9000015258789,160.00999450683594,115.9000015258789,162.41000366210938,117.08000183105469,159.6300048828125,114.26000213623047,160.10000610351562,114.43000030517578,59907000.0,17911000.0
2022-08-03,165.62481689453125,118.77999877929688,166.1300048828125,118.77999877929688,166.58999633789062,119.41999816894531,160.75,116.1500015258789,160.83999633789062,116.33999633789062,82507500.0,25302800.0
2022-08-04,165.3057861328125,118.87000274658203,165.80999755859375,118.87000274658203,167.19000244140625,119.5,164.42999267578125,117.70999908447266,166.00999450683594,118.30000305175781,55474100.0,15757700.0
2022-08-05,165.076171875,118.22000122070312,165.35000610351562,118.22000122070312,165.85000610351562,118.86000061035156,163.0,116.70999908447266,163.2100067138672,116.93000030517578,56697000.0,15615700.0
2022-08-08,164.59695434570312,118.13999938964844,164.8699951171875,118.13999938964844,167.80999755859375,120.86000061035156,164.1999969482422,117.83000183105469,166.3699951171875,119.12000274658203,60276900.0,17061100.0
2022-08-09,164.64686584472656,117.5,164.9199981689453,117.5,165.82000732421875,118.19999694824219,163.25,116.55999755859375,164.02000427246094,117.98999786376953,63135500.0,15424300.0
2022-08-10,168.95973205566406,120.6500015258789,169.24000549316406,120.6500015258789,169.33999633789062,121.77999877929688,166.89999389648438,119.36000061035156,167.67999267578125,119.58999633789062,70170500.0,20497000.0
2022-08-11,168.21096801757812,119.81999969482422,168.49000549316406,119.81999969482422,170.99000549316406,122.33999633789062,168.19000244140625,119.55000305175781,170.05999755859375,122.08000183105469,57149200.0,16671600.0
2022-08-12,171.8149871826172,122.6500015258789,172.10000610351562,122.6500015258789,172.1699981689453,122.6500015258789,169.39999389648438,120.4000015258789,169.82000732421875,121.16000366210938,68039400.0,16121100.0
2022-08-15,172.90318298339844,122.87999725341797,173.19000244140625,122.87999725341797,173.38999938964844,123.26000213623047,171.35000610351562,121.56999969482422,171.52000427246094,122.20999908447266,54091700.0,15525000.0
2022-08-16,172.74343872070312,122.51000213623047,173.02999877929688,122.51000213623047,173.7100067138672,123.22799682617188,171.66000366210938,121.53500366210938,172.77999877929688,122.31999969482422,56377100.0,15626200.0
2022-08-17,174.26092529296875,120.31999969482422,174.5500030517578,120.31999969482422,176.14999389648438,122.1500015258789,172.57000732421875,120.19999694824219,172.77000427246094,120.93000030517578,79542000.0,17589200.0
2022-08-18,173.86158752441406,120.86000061035156,174.14999389648438,120.86000061035156,174.89999389648438,121.69000244140625,173.1199951171875,119.55000305175781,173.75,120.2300033569336,62290100.0,15652000.0
2022-08-19,171.23594665527344,118.12000274658203,171.52000427246094,118.12000274658203,173.74000549316406,120.0,171.30999755859375,117.66999816894531,173.02999877929688,119.87000274658203,70346300.0,20187000.0
2022-08-22,167.29249572753906,115.06999969482422,167.57000732421875,115.06999969482422,169.86000061035156,116.5,167.13999938964844,114.66999816894531,169.69000244140625,116.0999984741211,69026800.0,19316000.0
2022-08-23,166.9530487060547,114.7699966430664,167.22999572753906,114.7699966430664,168.7100067138672,115.93000030517578,166.64999389648438,114.30000305175781,167.0800018310547,114.31999969482422,54147100.0,14390700.0
2022-08-24,167.25254821777344,114.69999694824219,167.52999877929688,114.69999694824219,168.11000061035156,115.71700286865234,166.25,113.77999877929688,167.32000732421875,114.44999694824219,53841500.0,16051200.0
2022-08-25,169.7484130859375,117.69999694824219,170.02999877929688,117.69999694824219,170.13999938964844,117.77999877929688,168.35000610351562,115.05000305175781,168.77999877929688,115.1500015258789,51218200.0,14874700.0
2022-08-26,163.34901428222656,111.30000305175781,163.6199951171875,111.30000305175781,171.0500030517578,116.5999984741211,163.55999755859375,111.22000122070312,170.57000732421875,115.80999755859375,78961000.0,31698700.0
2022-08-29,161.1127471923828,110.33999633789062,161.3800048828125,110.33999633789062,162.89999389648438,111.95999908447266,159.82000732421875,109.80999755859375,161.14999389648438,110.77999877929688,73314000.0,20386100.0
2022-08-30,158.64683532714844,109.91000366210938,158.91000366210938,109.91000366210938,162.55999755859375,111.37000274658203,157.72000122070312,108.80000305175781,162.1300048828125,111.02999877929688,77906200.0,20548200.0
2022-08-31,156.95962524414062,109.1500015258789,157.22000122070312,109.1500015258789,160.5800018310547,111.7699966430664,157.13999938964844,109.05000305175781,160.30999755859375,111.62999725341797,87991100.0,25898000.0
2022-09-01,157.6984100341797,110.55000305175781,157.9600067138672,110.55000305175781,158.4199981689453,111.22000122070312,154.6699981689453,108.19000244140625,156.63999938964844,109.19999694824219,74229900.0,22784400.0
2022-09-02,155.5519561767578,108.68000030517578,155.80999755859375,108.68000030517578,160.36000061035156,111.67500305175781,154.97000122070312,108.12999725341797,159.75,111.33999633789062,76957800.0,20618100.0
2022-09-06,154.27407836914062,107.4800033569336,154.52999877929688,107.4800033569336,157.08999633789062,108.87999725341797,153.69000244140625,106.51000213623047,156.47000122070312,108.13500213623047,73714800.0,20565100.0
2022-09-07,155.70172119140625,110.4800033569336,155.9600067138672,110.4800033569336,156.6699981689453,110.98999786376953,153.61000061035156,107.61499786376953,154.82000732421875,107.76000213623047,87449600.0,22987200.0
2022-09-08,154.20420837402344,109.41999816894531,154.4600067138672,109.41999816894531,156.36000061035156,110.58000183105469,152.67999267578125,108.05999755859375,154.63999938964844,109.18000030517578,84923800.0,21660700.0
2022-09-09,157.109375,111.77999877929688,157.3699951171875,111.77999877929688,157.82000732421875,112.0,154.75,110.0,155.47000122070312,110.05000305175781,68028800.0,21732900.0
2022-09-12,163.15933227539062,111.87000274658203,163.42999267578125,111.87000274658203,164.25999450683594,112.63999938964844,159.3000030517578,110.93000030517578,159.58999633789062,111.98999786376953,104956000.0,19732900.0
2022-09-13,153.58522033691406,105.30999755859375,153.83999633789062,105.30999755859375,160.5399932861328,109.37000274658203,153.3699951171875,105.0,159.89999389648438,108.88999938964844,122656600.0,33015000.0
2022-09-14,155.0527801513672,105.87000274658203,155.30999755859375,105.87000274658203,157.10000610351562,106.0999984741211,153.61000061035156,104.5,154.7899932861328,105.44000244140625,87965400.0,22115800.0
2022-09-15,152.11764526367188,103.9000015258789,152.3699951171875,103.9000015258789,155.24000549316406,106.20999908447266,151.3800048828125,103.30999755859375,154.64999389648438,105.01000213623047,90481100.0,26494900.0
2022-09-16,150.45042419433594,103.62999725341797,150.6999969482422,103.62999725341797,151.35000610351562,104.02999877929688,148.3699951171875,101.8550033569336,151.2100067138672,102.97000122070312,162278800.0,64540100.0
2022-09-19,154.22415161132812,103.8499984741211,154.47999572753906,103.8499984741211,154.55999755859375,104.0199966430664,149.10000610351562,102.37000274658203,149.30999755859375,102.54000091552734,81474200.0,19738600.0
2022-09-20,156.64015197753906,101.83000183105469,156.89999389648438,101.83000183105469,158.0800018310547,103.16999816894531,153.0800018310547,101.12000274658203,153.39999389648438,102.87999725341797,107689800.0,24001700.0
2022-09-21,153.46542358398438,100.01000213623047,153.72000122070312,100.01000213623047,158.74000549316406,103.48999786376953,153.60000610351562,99.98999786376953,157.33999633789062,102.23999786376953,101696800.0,26596800.0
2022-09-22,152.48704528808594,100.56999969482422,152.74000549316406,100.56999969482422,154.47000122070312,101.68000030517578,150.91000366210938,99.41000366210938,152.3800048828125,99.44999694824219,86652500.0,21272700.0
2022-09-23,150.1808624267578,99.16999816894531,150.42999267578125,99.16999816894531,151.47000122070312,100.11000061035156,148.55999755859375,98.01000213623047,151.19000244140625,100.05999755859375,96029900.0,25657000.0
2022-09-26,150.5203094482422,98.80999755859375,150.77000427246094,98.80999755859375,153.77000427246094,100.44000244140625,149.63999938964844,98.37999725341797,149.66000366210938,98.61000061035156,93339400.0,22437900.0
2022-09-27,151.5086669921875,98.08999633789062,151.75999450683594,98.08999633789062,154.72000122070312,100.45999908447266,149.9499969482422,97.33999633789062,152.74000549316406,99.91000366210938,84442700.0,24225000.0
2022-09-28,149.5918426513672,100.73999786376953,149.83999633789062,100.73999786376953,150.63999938964844,101.4000015258789,144.83999633789062,97.80000305175781,147.63999938964844,98.0199966430664,146691400.0,24617000.0
2022-09-29,142.24403381347656,98.08999633789062,142.47999572753906,98.08999633789062,146.72000122070312,99.30000305175781,140.67999267578125,96.5199966430664,146.10000610351562,99.30000305175781,128138200.0,21921500.0
2022-09-30,137.9711151123047,96.1500015258789,138.1999969482422,96.1500015258789,143.10000610351562,99.49400329589844,138.0,96.02999877929688,141.27999877929688,97.7300033569336,124925300.0,26277800.0
2022-10-03,142.21408081054688,99.30000305175781,142.4499969482422,99.30000305175781,143.07000732421875,99.97000122070312,137.69000244140625,97.0199966430664,138.2100067138672,97.22000122070312,114311700.0,24840000.0
2022-10-04,145.85804748535156,102.41000366210938,146.10000610351562,102.41000366210938,146.22000122070312,102.72000122070312,144.25999450683594,101.04000091552734,145.02999877929688,101.04000091552734,87830100.0,22580900.0
2022-10-05,146.15753173828125,102.22000122070312,146.39999389648438,102.22000122070312,147.3800048828125,102.73999786376953,143.00999450683594,99.73999786376953,144.07000732421875,100.69000244140625,79471000.0,18475500.0
2022-10-06,145.18914794921875,102.23999786376953,145.42999267578125,102.23999786376953,147.5399932861328,103.7300033569336,145.22000122070312,101.5,145.80999755859375,101.5,68402200.0,17156200.0
2022-10-07,139.8579864501953,99.56999969482422,140.08999633789062,99.56999969482422,143.10000610351562,101.41999816894531,139.4499969482422,99.20999908447266,142.5399932861328,100.6500015258789,85925600.0,24249900.0
2022-10-10,140.18743896484375,98.70999908447266,140.4199981689453,98.70999908447266,141.88999938964844,99.98999786376953,138.57000732421875,97.87000274658203,140.4199981689453,99.8499984741211,74899000.0,16529900.0
2022-10-11,138.7498321533203,98.05000305175781,138.97999572753906,98.05000305175781,141.35000610351562,100.12000274658203,138.22000122070312,97.25,139.89999389648438,98.25,77033700.0,21617700.0
2022-10-12,138.1108856201172,98.30000305175781,138.33999633789062,98.30000305175781,140.36000061035156,99.64800262451172,138.16000366210938,97.66999816894531,139.1300048828125,98.2699966430664,70433700.0,17343400.0
2022-10-13,142.75320434570312,99.70999908447266,142.99000549316406,99.70999908447266,143.58999633789062,100.52999877929688,134.3699951171875,95.2699966430664,134.99000549316406,95.93000030517578,113224000.0,32812200.0
2022-10-14,138.1508331298828,97.18000030517578,138.3800048828125,97.18000030517578,144.52000427246094,101.29000091552734,138.19000244140625,97.02999877929688,144.30999755859375,100.625,88598000.0,22624800.0
2022-10-17,142.17416381835938,100.77999877929688,142.41000366210938,100.77999877929688,142.89999389648438,101.7699966430664,140.27000427246094,99.51000213623047,141.07000732421875,99.5199966430664,85250900.0,23311600.0
2022-10-18,143.51193237304688,101.38999938964844,143.75,101.38999938964844,146.6999969482422,104.22000122070312,140.61000061035156,100.6500015258789,145.49000549316406,103.94000244140625,99136600.0,21610500.0
2022-10-19,143.6217498779297,100.29000091552734,143.86000061035156,100.29000091552734,144.9499969482422,101.65899658203125,141.5,99.63500213623047,141.69000244140625,100.69999694824219,61758300.0,21573700.0
2022-10-20,143.15252685546875,100.52999877929688,143.38999938964844,100.52999877929688,145.88999938964844,103.0,142.64999389648438,99.97000122070312,143.02000427246094,100.81999969482422,64522000.0,25125100.0
2022-10-21,147.02610778808594,101.4800033569336,147.27000427246094,101.4800033569336,147.85000610351562,101.62000274658203,142.64999389648438,98.2300033569336,142.8699951171875,98.45999908447266,86548600.0,28988700.0
2022-10-24,149.20248413085938,102.97000122070312,149.4499969482422,102.97000122070312,150.22999572753906,103.0999984741211,146.0,100.30000305175781,147.19000244140625,102.08999633789062,75981900.0,24680800.0
2022-10-25,152.08770751953125,104.93000030517578,152.33999633789062,104.93000030517578,152.49000549316406,105.0999984741211,149.36000061035156,103.0199966430664,150.08999633789062,103.30000305175781,74732300.0,29910200.0
2022-10-26,149.1026611328125,94.81999969482422,149.35000610351562,94.81999969482422,151.99000549316406,98.54000091552734,148.0399932861328,94.56999969482422,150.9600067138672,96.76000213623047,88194300.0,71504300.0
2022-10-27,144.56019592285156,92.5999984741211,144.8000030517578,92.5999984741211,149.0500030517578,95.16999816894531,144.1300048828125,91.9000015258789,148.07000732421875,94.30999755859375,109180200.0,54036500.0
2022-10-28,155.48208618164062,96.58000183105469,155.74000549316406,96.58000183105469,157.5,96.86000061035156,147.82000732421875,92.322998046875,148.1999969482422,92.52999877929688,164762400.0,35696900.0
2022-10-31,153.08604431152344,94.66000366210938,153.33999633789062,94.66000366210938,154.24000549316406,96.3499984741211,151.9199981689453,94.37999725341797,153.16000366210938,95.77999877929688,97943200.0,29868700.0
2022-11-01,150.40049743652344,90.5,150.64999389648438,90.5,155.4499969482422,96.16500091552734,149.1300048828125,90.43000030517578,155.0800018310547,95.58999633789062,80379300.0,43220600.0
2022-11-02,144.78981018066406,87.06999969482422,145.02999877929688,87.06999969482422,152.1699981689453,91.30000305175781,145.0,87.01000213623047,148.9499969482422,90.91000366210938,93604600.0,43553600.0
2022-11-03,138.65000915527344,83.48999786376953,138.8800048828125,83.48999786376953,142.8000030517578,86.55000305175781,138.75,83.44999694824219,142.05999755859375,86.34500122070312,97918500.0,48510400.0
2022-11-04,138.3800048828125,86.69999694824219,138.3800048828125,86.69999694824219,142.6699981689453,86.7300033569336,134.3800048828125,83.87999725341797,142.08999633789062,85.51000213623047,140716700.0,40155100.0
2022-11-07,138.9199981689453,88.6500015258789,138.9199981689453,88.6500015258789,139.14999389648438,88.94000244140625,135.6699981689453,86.95999908447266,137.11000061035156,87.33999633789062,83374600.0,26899900.0
2022-11-08,139.5,88.91000366210938,139.5,88.91000366210938,141.42999267578125,90.40499877929688,137.49000549316406,87.6500015258789,140.41000366210938,89.16000366210938,89908500.0,30172000.0
2022-11-09,134.8699951171875,87.4000015258789,134.8699951171875,87.4000015258789,138.5500030517578,89.48999786376953,134.58999633789062,87.36000061035156,138.5,88.54499816894531,74917800.0,26743900.0
2022-11-10,146.8699951171875,94.16999816894531,146.8699951171875,94.16999816894531,146.8699951171875,94.55000305175781,139.5,91.6500015258789,141.24000549316406,92.33999633789062,118854000.0,42371200.0
2022-11-11,149.6999969482422,96.7300033569336,149.6999969482422,96.7300033569336,150.00999450683594,97.36000061035156,144.3699951171875,94.16000366210938,145.82000732421875,94.70999908447266,93903800.0,30536500.0
2022-11-14,148.27999877929688,96.02999877929688,148.27999877929688,96.02999877929688,150.27999877929688,97.18000030517578,147.42999267578125,95.11299896240234,148.97000122070312,95.5,73374100.0,24170100.0
2022-11-15,150.0399932861328,98.72000122070312,150.0399932861328,98.72000122070312,153.58999633789062,100.41999816894531,148.55999755859375,97.0199966430664,152.22000122070312,98.66999816894531,89868300.0,31831000.0
2022-11-16,148.7899932861328,98.98999786376953,148.7899932861328,98.98999786376953,149.8699951171875,99.8499984741211,147.2899932861328,97.9020004272461,149.1300048828125,98.0199966430664,64218300.0,24660200.0
