Attributes,Adj Close,Adj Close,Adj Close,Close,Close,Close,High,High,High,Low,Low,Low,Open,Open,Open,Volume,Volume,Volume
Symbols,TWTR,TSLA,GOOGL,TWTR,TSLA,GOOGL,TWTR,TSLA,GOOGL,TWTR,TSLA,GOOGL,TWTR,TSLA,GOOGL,TWTR,TSLA,GOOGL
Date,,,,,,,,,,,,,,,,,,
2022-01-03,42.65999984741211,399.9266662597656,144.9915008544922,42.65999984741211,399.9266662597656,144.9915008544922,43.689998626708984,400.3566589355469,145.8509979248047,42.47999954223633,378.67999267578125,143.71299743652344,43.5,382.5833435058594,145.05499267578125,14447453.0,103931400.0,28646000.0
2022-01-04,40.849998474121094,383.1966552734375,144.39950561523438,40.849998474121094,383.1966552734375,144.39950561523438,42.970001220703125,402.6666564941406,146.48500061035156,40.36000061035156,374.3500061035156,143.7165069580078,42.849998474121094,396.51666259765625,145.39599609375,21422442.0,100248300.0,28400000.0
2022-01-05,39.5,362.7066650390625,137.77499389648438,39.5,362.7066650390625,137.77499389648438,41.87540054321289,390.11334228515625,144.49949645996094,39.45000076293945,360.336669921875,137.68800354003906,40.79999923706055,382.2166748046875,144.4199981689453,22008559.0,80119800.0,54618000.0
2022-01-06,39.59000015258789,354.8999938964844,137.74749755859375,39.59000015258789,354.8999938964844,137.74749755859375,40.439998626708984,362.6666564941406,139.94000244140625,38.689998626708984,340.1666564941406,136.55850219726562,39.5,359.0,136.99850463867188,16613358.0,90336600.0,37348000.0
2022-01-07,39.66999816894531,342.32000732421875,137.01699829101562,39.66999816894531,342.32000732421875,137.01699829101562,40.689998626708984,360.30999755859375,138.44850158691406,39.31999969482422,336.6666564941406,135.76649475097656,39.650001525878906,360.1233215332031,138.14549255371094,14669913.0,84164700.0,29760000.0
2022-01-10,39.970001220703125,352.7066650390625,138.66949462890625,39.970001220703125,352.7066650390625,138.66949462890625,40.03499984741211,353.0333251953125,138.8195037841797,38.220001220703125,326.6666564941406,133.1645050048828,39.33000183105469,333.3333435058594,135.0780029296875,14997303.0,91815000.0,44408000.0
2022-01-11,40.65999984741211,354.79998779296875,139.73599243164062,40.65999984741211,354.79998779296875,139.73599243164062,40.93989944458008,358.6166687011719,140.21600341796875,39.599998474121094,346.2733459472656,136.6925048828125,39.790000915527344,351.22332763671875,138.0070037841797,13815386.0,66063300.0,28730000.0
2022-01-12,40.25,368.739990234375,141.4304962158203,40.25,368.739990234375,141.4304962158203,41.47999954223633,371.61334228515625,142.60800170898438,39.77000045776367,357.5299987792969,140.6945037841797,40.880001068115234,359.6166687011719,141.14999389648438,10439039.0,83739000.0,26108000.0
2022-01-13,38.70000076293945,343.85333251953125,138.58700561523438,38.70000076293945,343.85333251953125,138.58700561523438,40.34000015258789,371.8666687011719,142.85000610351562,38.61000061035156,342.17999267578125,138.40899658203125,40.150001525878906,369.69000244140625,141.5399932861328,15075627.0,97209900.0,31436000.0
2022-01-14,38.439998626708984,349.8699951171875,139.48049926757812,38.439998626708984,349.8699951171875,139.48049926757812,39.04999923706055,350.6666564941406,140.74200439453125,37.5099983215332,337.7933349609375,136.99850463867188,38.43000030517578,339.9599914550781,137.07899475097656,14849796.0,72924300.0,29662000.0
2022-01-18,37.29999923706055,343.5033264160156,135.9980010986328,37.29999923706055,343.5033264160156,135.9980010986328,38.20000076293945,356.92999267578125,137.13150024414062,37.130001068115234,338.6866760253906,135.43850708007812,37.720001220703125,342.2033386230469,136.1750030517578,14915247.0,66743400.0,34872000.0
2022-01-19,37.349998474121094,331.8833312988281,135.1165008544922,37.349998474121094,331.8833312988281,135.1165008544922,38.279998779296875,351.5566711425781,137.95950317382812,37.005001068115234,331.6666564941406,135.0155029296875,37.130001068115234,347.2366638183594,136.52349853515625,19797988.0,75442500.0,28648000.0
2022-01-20,37.279998779296875,332.0899963378906,133.3074951171875,37.279998779296875,332.0899963378906,133.3074951171875,39.029998779296875,347.2200012207031,137.62600708007812,37.19499969482422,331.3333435058594,132.96449279785156,37.84000015258789,336.57666015625,136.25,17688913.0,70488600.0,29908000.0
2022-01-21,34.81999969482422,314.6333312988281,130.35150146484375,34.81999969482422,314.6333312988281,130.35150146484375,37.08000183105469,334.8500061035156,134.86549377441406,34.79499816894531,313.5,130.0865020751953,36.900001525878906,332.11334228515625,132.593505859375,25674078.0,103416000.0,55652000.0
2022-01-24,35.060001373291016,310.0,130.8040008544922,35.060001373291016,310.0,130.8040008544922,35.13999938964844,311.1700134277344,131.2030029296875,32.04999923706055,283.8233337402344,124.5,33.70000076293945,301.586669921875,125.97799682617188,31932961.0,151565700.0,76622000.0
2022-01-25,34.16999816894531,306.1333312988281,126.93499755859375,34.16999816894531,306.1333312988281,126.93499755859375,34.9900016784668,317.086669921875,129.3990020751953,33.619998931884766,301.07000732421875,126.50050354003906,34.220001220703125,304.73333740234375,128.74000549316406,19205772.0,86595900.0,46960000.0
2022-01-26,33.619998931884766,312.4700012207031,129.23300170898438,33.619998931884766,312.4700012207031,129.23300170898438,35.43000030517578,329.2300109863281,133.0,33.26499938964844,302.0,127.14199829101562,34.970001220703125,317.4766540527344,131.11900329589844,21377945.0,104867400.0,49130000.0
2022-01-27,33.84000015258789,276.3666687011719,129.0050048828125,33.84000015258789,276.3666687011719,129.0050048828125,35.141700744628906,311.7966613769531,132.65249633789062,33.810001373291016,276.3333435058594,128.9324951171875,34.13999938964844,311.1199951171875,131.3040008544922,16637276.0,147109500.0,31950000.0
2022-01-28,35.27000045776367,282.1166687011719,133.3509979248047,35.27000045776367,282.1166687011719,133.3509979248047,35.29999923706055,285.8333435058594,133.35650634765625,33.599998474121094,264.0033264160156,128.48500061035156,33.790000915527344,277.1866760253906,129.65899658203125,14368685.0,134789100.0,34362000.0
2022-01-31,37.5099983215332,312.239990234375,135.30349731445312,37.5099983215332,312.239990234375,135.30349731445312,37.560001373291016,312.663330078125,135.47300720214844,35.34000015258789,287.3500061035156,132.20950317382812,35.43000030517578,290.9033203125,134.16200256347656,17558278.0,104436000.0,39986000.0
2022-02-01,38.119998931884766,310.4166564941406,137.6439971923828,38.119998931884766,310.4166564941406,137.6439971923828,38.16999816894531,314.5666809082031,137.79299926757812,36.869998931884766,301.6666564941406,134.36849975585938,37.84000015258789,311.7366638183594,137.59449768066406,14628246.0,73138200.0,68644000.0
2022-02-02,36.5099983215332,301.88665771484375,148.0,36.5099983215332,301.88665771484375,148.0,38.290000915527344,310.5,151.54649353027344,36.25,296.4700012207031,145.5225067138672,38.290000915527344,309.3933410644531,151.25,18992993.0,66792900.0,123200000.0
2022-02-03,34.47999954223633,297.0466613769531,143.08999633789062,34.47999954223633,297.0466613769531,143.08999633789062,35.18000030517578,312.3333435058594,149.6750030517578,33.84000015258789,293.50665283203125,142.66549682617188,33.84000015258789,294.0,145.70550537109375,32803389.0,78855600.0,71518000.0
2022-02-04,36.939998626708984,307.7733459472656,143.29299926757812,36.939998626708984,307.7733459472656,143.29299926757812,37.439998626708984,312.1666564941406,144.875,34.7599983215332,293.72332763671875,140.51499938964844,35.65999984741211,299.0733337402344,143.4445037841797,23579592.0,73625400.0,57998000.0
2022-02-07,36.040000915527344,302.4466552734375,139.2010040283203,36.040000915527344,302.4466552734375,139.2010040283203,37.33000183105469,315.92333984375,144.25,35.89500045776367,300.9033203125,138.89999389648438,36.720001220703125,307.92999267578125,144.25,22770464.0,60994500.0,54974000.0
2022-02-08,35.97999954223633,307.3333435058594,139.3990020751953,35.97999954223633,307.3333435058594,139.3990020751953,36.27000045776367,308.7633361816406,140.0,35.150001525878906,298.26666259765625,137.01400756835938,35.52000045776367,301.84332275390625,139.02650451660156,17194932.0,50729100.0,54284000.0
2022-02-09,37.83000183105469,310.6666564941406,141.5919952392578,37.83000183105469,310.6666564941406,141.5919952392578,37.91999816894531,315.42333984375,142.52450561523438,36.13999938964844,306.6666564941406,140.18699645996094,36.5,311.6666564941406,140.9635009765625,24473520.0,52259400.0,40144000.0
2022-02-10,37.08000183105469,301.51666259765625,138.6199951171875,37.08000183105469,301.51666259765625,138.6199951171875,39.099998474121094,314.60333251953125,141.4844970703125,36.220001220703125,298.8999938964844,137.95700073242188,36.560001373291016,302.7900085449219,139.70350646972656,48150273.0,66126900.0,39330000.0
2022-02-11,35.84000015258789,286.6666564941406,134.28250122070312,35.84000015258789,286.6666564941406,134.28250122070312,37.7599983215332,305.32000732421875,139.156494140625,35.65999984741211,283.5666809082031,133.39999389648438,37.41999816894531,303.2099914550781,138.60000610351562,23516836.0,79645800.0,39958000.0
2022-02-14,35.689998626708984,291.9200134277344,135.5260009765625,35.689998626708984,291.9200134277344,135.5260009765625,36.61000061035156,299.6266784667969,136.3000030517578,35.5,284.3833312988281,133.25650024414062,35.619998931884766,287.19000244140625,133.25650024414062,15212644.0,67756500.0,34302000.0
2022-02-15,36.97999954223633,307.4766540527344,136.60850524902344,36.97999954223633,307.4766540527344,136.60850524902344,37.0,307.6666564941406,138.10850524902344,36.060001373291016,297.7933349609375,135.82150268554688,36.22999954223633,300.0,137.57049560546875,21350445.0,57286200.0,26680000.0
2022-02-16,36.2400016784668,307.7966613769531,137.73800659179688,36.2400016784668,307.7966613769531,137.73800659179688,36.28499984741211,308.80999755859375,138.08599853515625,35.52000045776367,300.4033203125,134.9239959716797,35.970001220703125,304.6833190917969,136.64649963378906,17602359.0,51294300.0,25022000.0
2022-02-17,35.43000030517578,292.1166687011719,132.53900146484375,35.43000030517578,292.1166687011719,132.53900146484375,36.61000061035156,306.1666564941406,137.11349487304688,35.31999969482422,291.3666687011719,132.47850036621094,35.9900016784668,304.4200134277344,136.2429962158203,16524414.0,55178400.0,38950000.0
2022-02-18,34.31999969482422,285.6600036621094,130.4029998779297,34.31999969482422,285.6600036621094,130.4029998779297,35.65999984741211,295.6233215332031,134.07000732421875,34.099998474121094,279.2033386230469,130.19650268554688,35.4900016784668,295.3333435058594,133.4669952392578,15339039.0,68501700.0,45620000.0
2022-02-22,32.93000030517578,273.84332275390625,129.81350708007812,32.93000030517578,273.84332275390625,129.81350708007812,33.93000030517578,285.57666015625,132.1804962158203,32.75,267.0333251953125,128.22349548339844,33.65999984741211,278.0433349609375,129.83799743652344,16913051.0,83288100.0,44990000.0
2022-02-23,32.7599983215332,254.67999267578125,127.58799743652344,32.7599983215332,254.67999267578125,127.58799743652344,33.45500183105469,278.4333190917969,132.05099487304688,32.41999816894531,253.52000427246094,127.52749633789062,33.25,276.80999755859375,131.64849853515625,15102051.0,95256900.0,32786000.0
2022-02-24,34.97999954223633,266.92333984375,132.6909942626953,34.97999954223633,266.92333984375,132.6909942626953,35.064998626708984,267.49334716796875,133.0,31.299999237060547,233.3333282470703,124.95349884033203,31.299999237060547,233.4633331298828,124.95349884033203,22551009.0,135322200.0,54456000.0
2022-02-25,35.290000915527344,269.9566650390625,134.45950317382812,35.290000915527344,269.9566650390625,134.45950317382812,35.29999923706055,273.1666564941406,135.27149963378906,34.130001068115234,260.79998779296875,131.75149536132812,35.119998931884766,269.74334716796875,133.552001953125,15394855.0,76067700.0,36406000.0
2022-02-28,35.54999923706055,290.1433410644531,135.0570068359375,35.54999923706055,290.1433410644531,135.0570068359375,36.04999923706055,292.28668212890625,135.75149536132812,34.85499954223633,271.57000732421875,132.59249877929688,34.95000076293945,271.6700134277344,133.0500030517578,17962027.0,99006900.0,38864000.0
2022-03-01,35.560001373291016,288.1233215332031,134.06149291992188,35.560001373291016,288.1233215332031,134.06149291992188,36.127601623535156,296.6266784667969,136.2554931640625,34.70500183105469,284.59332275390625,133.218505859375,35.5099983215332,289.8933410644531,134.8784942626953,17948015.0,74766900.0,26496000.0
2022-03-02,34.619998931884766,293.2966613769531,134.57150268554688,34.619998931884766,293.2966613769531,134.57150268554688,35.77000045776367,295.49334716796875,135.2624969482422,34.130001068115234,281.42333984375,133.07150268554688,35.77000045776367,290.7099914550781,134.6280059814453,18255137.0,74643300.0,23520000.0
2022-03-03,33.4900016784668,279.7633361816406,133.89950561523438,33.4900016784668,279.7633361816406,133.89950561523438,35.18000030517578,295.4800109863281,136.4394989013672,33.45000076293945,277.5333251953125,133.02549743652344,34.900001525878906,292.92333984375,136.00999450683594,18791981.0,61623600.0,24604000.0
2022-03-04,33.38999938964844,279.42999267578125,131.906494140625,33.38999938964844,279.42999267578125,131.906494140625,34.22999954223633,285.2166748046875,133.85150146484375,32.95000076293945,275.0533447265625,130.33749389648438,33.75,283.0333251953125,132.92750549316406,17537857.0,66999600.0,30430000.0
2022-03-07,32.41999816894531,268.1933288574219,126.37850189208984,32.41999816894531,268.1933288574219,126.37850189208984,33.880001068115234,288.71331787109375,131.73500061035156,32.400001525878906,268.19000244140625,126.29499816894531,33.5099983215332,285.4333190917969,131.48800659179688,18780247.0,72494100.0,45112000.0
2022-03-08,32.68000030517578,274.79998779296875,127.10449981689453,32.68000030517578,274.79998779296875,127.10449981689453,33.83000183105469,283.3299865722656,131.25,31.950000762939453,260.72332763671875,125.67449951171875,32.27000045776367,265.1766662597656,126.25,17410612.0,80399100.0,40428000.0
2022-03-09,34.369998931884766,286.3233337402344,133.4199981689453,34.369998931884766,286.3233337402344,133.4199981689453,34.529998779296875,286.85333251953125,133.73550415039062,33.29999923706055,277.336669921875,129.90049743652344,33.54999923706055,279.82666015625,131.25,16886048.0,59184000.0,37026000.0
2022-03-10,34.119998931884766,279.4333190917969,132.42950439453125,34.119998931884766,279.4333190917969,132.42950439453125,34.439998626708984,284.8166809082031,133.27200317382812,33.369998931884766,270.1199951171875,130.91250610351562,33.630001068115234,283.8166809082031,131.26600646972656,12583295.0,58648500.0,27102000.0
2022-03-11,33.0,265.1166687011719,129.87049865722656,33.0,265.1166687011719,129.87049865722656,34.11000061035156,281.26666259765625,133.79550170898438,32.880001068115234,264.5899963378906,129.63150024414062,34.040000915527344,280.0666809082031,133.48849487304688,15751909.0,67037100.0,31526000.0
2022-03-14,33.029998779296875,255.4566650390625,125.95099639892578,33.029998779296875,255.4566650390625,125.95099639892578,33.95000076293945,266.8999938964844,130.40899658203125,32.47999954223633,252.01333618164062,125.2750015258789,32.689998626708984,260.2033386230469,130.25,17551479.0,71152200.0,38812000.0
2022-03-15,33.970001220703125,267.2966613769531,129.197998046875,33.970001220703125,267.2966613769531,129.197998046875,34.52000045776367,268.5233459472656,129.85450744628906,33.0,252.19000244140625,125.72049713134766,33.119998931884766,258.42333984375,126.97599792480469,14677991.0,66841200.0,30920000.0
2022-03-16,35.369998931884766,280.07666015625,133.28050231933594,35.369998931884766,280.07666015625,133.28050231933594,35.650001525878906,280.6666564941406,133.33299255371094,34.31999969482422,267.4200134277344,128.7344970703125,34.900001525878906,269.6666564941406,130.73300170898438,25197014.0,84028800.0,35576000.0
2022-03-17,37.29999923706055,290.5333251953125,133.83900451660156,37.29999923706055,290.5333251953125,133.83900451660156,37.709999084472656,291.6666564941406,134.08050537109375,34.88999938964844,275.239990234375,132.18499755859375,35.209999084472656,276.9966735839844,133.1490020751953,30853067.0,66582900.0,28264000.0
2022-03-18,37.77000045776367,301.7966613769531,136.12550354003906,37.77000045776367,301.7966613769531,136.12550354003906,39.04499816894531,302.6166687011719,136.24400329589844,37.18000030517578,289.1300048828125,132.2584991455078,37.459999084472656,291.4966735839844,133.42449951171875,35946312.0,100414200.0,44566000.0
2022-03-21,37.439998626708984,307.0533447265625,136.10150146484375,37.439998626708984,307.0533447265625,136.10150146484375,37.88999938964844,314.2833251953125,137.0500030517578,36.63999938964844,302.36334228515625,134.09249877929688,37.70000076293945,304.99334716796875,136.1634979248047,20298742.0,81981600.0,26832000.0
2022-03-22,38.43000030517578,331.32666015625,139.8679962158203,38.43000030517578,331.32666015625,139.8679962158203,39.04499816894531,332.6199951171875,141.0500030517578,37.619998931884766,307.25,136.10150146484375,37.63999938964844,310.0,136.10150146484375,17162051.0,105868500.0,35496000.0
2022-03-23,38.0,333.03668212890625,138.27549743652344,38.0,333.03668212890625,138.27549743652344,38.75,346.8999938964844,139.5885009765625,37.58000183105469,325.4666748046875,137.8350067138672,38.0,326.64666748046875,138.70249938964844,12993635.0,120676200.0,25154000.0
2022-03-24,38.81999969482422,337.97332763671875,141.57200622558594,38.81999969482422,337.97332763671875,141.57200622558594,39.09000015258789,341.4966735839844,141.61900329589844,38.22999954223633,329.6000061035156,137.75050354003906,38.33000183105469,336.57666015625,139.1999969482422,18281410.0,68920800.0,26396000.0
2022-03-25,38.599998474121094,336.8800048828125,141.67300415039062,38.599998474121094,336.8800048828125,141.67300415039062,39.47050094604492,340.6000061035156,142.03500366210938,37.689998626708984,332.44000244140625,139.7375030517578,38.9900016784668,336.0,141.91600036621094,20787529.0,62031600.0,24126000.0
2022-03-28,39.119998931884766,363.9466552734375,141.45550537109375,39.119998931884766,363.9466552734375,141.45550537109375,39.29499816894531,365.9599914550781,142.00250244140625,38.29999923706055,351.20001220703125,139.81149291992188,38.439998626708984,355.0333251953125,140.90049743652344,14225619.0,102506100.0,35050000.0
2022-03-29,40.689998626708984,366.5233459472656,142.5054931640625,40.689998626708984,366.5233459472656,142.5054931640625,40.95899963378906,371.5899963378906,143.7935028076172,39.38999938964844,357.7033386230469,142.0384979248047,39.47999954223633,369.3299865722656,142.6475067138672,17855436.0,73614900.0,34318000.0
2022-03-30,39.0,364.663330078125,141.93850708007812,39.0,364.663330078125,141.93850708007812,40.349998474121094,371.3166809082031,142.7205047607422,38.56999969482422,361.3333435058594,141.60000610351562,40.349998474121094,363.72332763671875,142.4600067138672,15804341.0,59865000.0,19884000.0
2022-03-31,38.689998626708984,359.20001220703125,139.0675048828125,38.689998626708984,359.20001220703125,139.0675048828125,39.22999954223633,367.71331787109375,142.10800170898438,38.410499572753906,358.8800048828125,139.02450561523438,39.11000061035156,364.8566589355469,142.05299377441406,13208334.0,48992700.0,37524000.0
2022-04-01,39.310001373291016,361.5299987792969,140.15049743652344,39.310001373291016,361.5299987792969,140.15049743652344,39.85499954223633,364.9166564941406,140.4709930419922,39.0,355.5466613769531,138.3074951171875,39.15999984741211,360.3833312988281,139.5,12131791.0,54263100.0,25942000.0
2022-04-04,49.970001220703125,381.8166809082031,142.97149658203125,49.970001220703125,381.8166809082031,142.97149658203125,51.369998931884766,383.3033447265625,143.71200561523438,46.86000061035156,357.510009765625,140.3105010986328,47.869998931884766,363.1266784667969,140.35850524902344,269213085.0,82035900.0,25942000.0
2022-04-05,50.97999954223633,363.7533264160156,140.59100341796875,50.97999954223633,363.7533264160156,140.59100341796875,54.56999969482422,384.2900085449219,142.99049377441406,50.560001373291016,362.4333190917969,140.38250732421875,53.849998474121094,378.76666259765625,142.86900329589844,217520098.0,80075100.0,21418000.0
2022-04-06,50.77000045776367,348.586669921875,136.54800415039062,50.77000045776367,348.586669921875,136.54800415039062,52.869998931884766,359.6666564941406,139.36050415039062,49.29999923706055,342.5666809082031,135.51699829101562,50.03499984741211,357.8233337402344,138.75,159034747.0,89348400.0,32468000.0
2022-04-07,48.029998779296875,352.4200134277344,135.8885040283203,48.029998779296875,352.4200134277344,135.8885040283203,51.63999938964844,358.86334228515625,137.1645050048828,46.54999923706055,340.5133361816406,134.2274932861328,50.470001220703125,350.7966613769531,136.00999450683594,120844135.0,79447200.0,26234000.0
2022-04-08,46.22999954223633,341.8299865722656,133.28750610351562,46.22999954223633,341.8299865722656,133.28750610351562,48.439998626708984,349.4800109863281,135.6699981689453,45.83209991455078,340.8133239746094,132.9654998779297,47.29999923706055,347.7366638183594,135.58349609375,83315946.0,55013700.0,25142000.0
2022-04-11,47.0099983215332,325.30999755859375,128.82350158691406,47.0099983215332,325.30999755859375,128.82350158691406,47.97999954223633,336.15667724609375,132.09249877929688,44.709999084472656,324.8800048828125,128.6685028076172,45.75,326.79998779296875,131.82350158691406,117814009.0,59357100.0,36884000.0
2022-04-12,44.47999954223633,328.98333740234375,127.7145004272461,44.47999954223633,328.98333740234375,127.7145004272461,47.54999923706055,340.39666748046875,131.60000610351562,44.439998626708984,325.5333251953125,126.78900146484375,47.029998779296875,332.5466613769531,131.60000610351562,60794025.0,65976000.0,32710000.0
2022-04-13,45.849998474121094,340.7900085449219,129.8939971923828,45.849998474121094,340.7900085449219,129.8939971923828,46.33000183105469,342.0799865722656,130.33399963378906,44.54999923706055,324.3666687011719,127.74099731445312,44.79999923706055,327.02667236328125,128.0,44306698.0,55121100.0,27928000.0
2022-04-14,45.08000183105469,328.3333435058594,126.7300033569336,45.08000183105469,328.3333435058594,126.7300033569336,48.5,337.57000732421875,130.47950744628906,44.720001220703125,327.39666748046875,126.60099792480469,48.369998931884766,333.0966796875,130.47950744628906,258868339.0,58422300.0,31598000.0
2022-04-18,48.45000076293945,334.7633361816406,127.67649841308594,48.45000076293945,334.7633361816406,127.67649841308594,48.72999954223633,338.3066711425781,128.21249389648438,44.36000061035156,324.4700012207031,126.18199920654297,46.2400016784668,329.6766662597656,127.0,153119550.0,51715200.0,20808000.0
2022-04-19,46.15999984741211,342.7166748046875,130.00900268554688,46.15999984741211,342.7166748046875,130.00900268554688,48.5,344.9800109863281,130.33299255371094,45.0,331.77667236328125,126.99949645996094,47.29999923706055,335.0199890136719,127.69149780273438,125776037.0,49847700.0,26490000.0
2022-04-20,46.720001220703125,325.73333740234375,128.0399932861328,46.720001220703125,325.73333740234375,128.0399932861328,47.11000061035156,344.6666564941406,131.3990020751953,45.029998779296875,325.0833435058594,127.5,46.34000015258789,343.3333435058594,130.89199829101562,63360019.0,70711200.0,31696000.0
2022-04-21,47.08000183105469,336.260009765625,124.81449890136719,47.08000183105469,336.260009765625,124.81449890136719,47.939998626708984,364.0733337402344,130.09849548339844,45.5,332.1400146484375,124.52649688720703,45.5099983215332,358.24334716796875,129.25,70413596.0,105416400.0,36446000.0
2022-04-22,48.93000030517578,335.01666259765625,119.635498046875,48.93000030517578,335.01666259765625,119.635498046875,49.72999954223633,344.95001220703125,125.4020004272461,47.4900016784668,331.3333435058594,118.92500305175781,47.77000045776367,338.3033447265625,125.0,76504488.0,69696600.0,56884000.0
2022-04-25,51.70000076293945,332.67333984375,123.0739974975586,51.70000076293945,332.67333984375,123.0739974975586,52.290000915527344,336.2066650390625,123.27749633789062,50.2400016784668,325.1000061035156,118.51100158691406,51.02000045776367,326.3233337402344,119.10099792480469,176803635.0,68341200.0,46128000.0
2022-04-26,49.68000030517578,292.1400146484375,118.6500015258789,49.68000030517578,292.1400146484375,118.6500015258789,51.619998931884766,333.3333435058594,122.51000213623047,49.43000030517578,291.6666564941406,118.51100158691406,51.56999969482422,331.80999755859375,122.29450225830078,115020379.0,136133700.0,73054000.0
2022-04-27,48.63999938964844,293.836669921875,114.29450225830078,48.63999938964844,293.836669921875,114.29450225830078,49.2599983215332,306.0,117.24199676513672,47.81999969482422,292.4533386230469,112.73650360107422,49.060001373291016,299.52667236328125,114.46949768066406,59106880.0,76956300.0,91820000.0
2022-04-28,49.11000061035156,292.5033264160156,118.52249908447266,49.11000061035156,292.5033264160156,118.52249908447266,49.915000915527344,300.0,119.64949798583984,47.959999084472656,273.8999938964844,114.11499786376953,49.0099983215332,299.99334716796875,116.41500091552734,43816868.0,124948500.0,48884000.0
2022-04-29,49.02000045776367,290.2533264160156,114.1094970703125,49.02000045776367,290.2533264160156,114.1094970703125,50.25,311.4666748046875,117.91999816894531,48.7400016784668,290.0,113.81449890136719,49.45000076293945,300.75,116.7344970703125,38250854.0,88133100.0,42676000.0
2022-05-02,49.13999938964844,300.9800109863281,116.58300018310547,49.13999938964844,300.9800109863281,116.58300018310547,49.7599983215332,302.1199951171875,116.74549865722656,48.56999969482422,282.6766662597656,112.5999984741211,48.70000076293945,286.92333984375,113.40499877929688,32608086.0,75781500.0,35534000.0
2022-05-03,48.869998931884766,303.0833435058594,117.33399963378906,48.869998931884766,303.0833435058594,117.33399963378906,49.47999954223633,308.02667236328125,118.44200134277344,48.75,296.1966552734375,116.03450012207031,49.150001525878906,301.05999755859375,116.43049621582031,24773030.0,63709500.0,24968000.0
2022-05-04,49.060001373291016,317.5400085449219,122.26100158691406,49.060001373291016,317.5400085449219,122.26100158691406,49.25,318.5,122.85449981689453,48.34000015258789,295.09332275390625,115.11599731445312,48.79999923706055,301.3133239746094,117.03150177001953,28442976.0,81643800.0,49916000.0
2022-05-05,50.36000061035156,291.09332275390625,116.50550079345703,50.36000061035156,291.09332275390625,116.50550079345703,51.209999084472656,315.20001220703125,121.03900146484375,49.810001373291016,285.8999938964844,115.00550079345703,50.529998779296875,313.00665283203125,120.2040023803711,60506940.0,92519100.0,45840000.0
2022-05-06,49.79999923706055,288.54998779296875,115.74649810791016,49.79999923706055,288.54998779296875,115.74649810791016,50.290000915527344,296.0,117.57150268554688,49.5,281.03668212890625,114.0155029296875,49.959999084472656,295.6666564941406,115.18450164794922,23446331.0,72903000.0,39710000.0
2022-05-09,47.959999084472656,262.3699951171875,112.51100158691406,47.959999084472656,262.3699951171875,112.51100158691406,49.439998626708984,281.8766784667969,115.0770034790039,47.625,260.3833312988281,112.00050354003906,49.29999923706055,278.8166809082031,113.25,37706836.0,90810300.0,40802000.0
2022-05-10,47.2599983215332,266.67999267578125,114.3949966430664,47.2599983215332,266.67999267578125,114.3949966430664,48.36000061035156,275.1199951171875,116.25,46.5,258.0833435058594,112.90049743652344,47.90999984741211,273.10333251953125,115.50749969482422,23816665.0,84401700.0,39900000.0
2022-05-11,46.09000015258789,244.6666717529297,113.60250091552734,46.09000015258789,244.6666717529297,113.60250091552734,48.150001525878906,269.92333984375,116.364501953125,45.79999923706055,242.39999389648438,113.23650360107422,46.95000076293945,265.0,113.23650360107422,24815127.0,97224600.0,37534000.0
2022-05-12,45.08000183105469,242.6666717529297,112.84400177001953,45.08000183105469,242.6666717529297,112.84400177001953,47.470001220703125,253.22000122070312,114.29499816894531,43.33000183105469,226.6666717529297,109.82450103759766,45.0099983215332,233.6666717529297,111.37750244140625,37682245.0,140313000.0,53836000.0
2022-05-13,40.720001220703125,256.5299987792969,116.05049896240234,40.720001220703125,256.5299987792969,116.05049896240234,42.0,262.45001220703125,117.875,40.0099983215332,250.52333068847656,113.6050033569336,40.400001525878906,257.82666015625,114.53299713134766,101830362.0,92150700.0,35038000.0
2022-05-16,37.38999938964844,241.4566650390625,114.44499969482422,37.38999938964844,241.4566650390625,114.44499969482422,39.28990173339844,256.586669921875,116.16999816894531,37.31999969482422,239.69667053222656,113.8895034790039,39.16999816894531,255.72000122070312,114.95549774169922,52310654.0,86098500.0,25990000.0
2022-05-17,38.31999969482422,253.8699951171875,116.4729995727539,38.31999969482422,253.8699951171875,116.4729995727539,38.869998931884766,254.82666015625,116.9000015258789,36.849998474121094,242.9499969482422,114.87000274658203,37.0,249.1199951171875,116.84049987792969,44990281.0,80236200.0,23054000.0
2022-05-18,36.849998474121094,236.60333251953125,111.89949798583984,36.849998474121094,236.60333251953125,111.89949798583984,38.720001220703125,253.5,115.4000015258789,36.57500076293945,233.60333251953125,111.55549621582031,37.41999816894531,248.17333984375,115.0,24010289.0,87811800.0,35126000.0
2022-05-19,37.290000915527344,236.47332763671875,110.38400268554688,37.290000915527344,236.47332763671875,110.38400268554688,38.5,244.6666717529297,113.01000213623047,36.20000076293945,231.3699951171875,110.0,36.76020050048828,235.6666717529297,111.43150329589844,32000301.0,90296700.0,34144000.0
2022-05-20,38.290000915527344,221.3000030517578,108.90799713134766,38.290000915527344,221.3000030517578,108.90799713134766,38.310001373291016,240.52667236328125,112.18350219726562,36.75,211.0,105.79650115966797,37.77000045776367,237.99667358398438,111.95099639892578,23637863.0,144973200.0,48962000.0
2022-05-23,37.86000061035156,224.96665954589844,111.48799896240234,37.86000061035156,224.96665954589844,111.48799896240234,38.0,226.65333557128906,112.14749908447266,36.939998626708984,212.68666076660156,108.74099731445312,37.77000045776367,218.33999633789062,109.5875015258789,13601346.0,88903500.0,37184000.0
2022-05-24,35.7599983215332,209.3866729736328,105.97000122070312,35.7599983215332,209.3866729736328,105.97000122070312,37.202598571777344,217.97332763671875,106.45850372314453,35.400001525878906,206.85667419433594,101.8844985961914,36.939998626708984,217.8433380126953,105.77200317382812,22662972.0,89092500.0,76780000.0
2022-05-25,37.15999984741211,219.60000610351562,105.80500030517578,37.15999984741211,219.60000610351562,105.80500030517578,37.369998931884766,223.10667419433594,106.5,36.02000045776367,207.6699981689453,103.85649871826172,36.060001373291016,207.9499969482422,104.9854965209961,23262766.0,92139300.0,40258000.0
2022-05-26,39.52000045776367,235.91000366210938,107.7925033569336,39.52000045776367,235.91000366210938,107.7925033569336,39.589900970458984,239.55667114257812,108.64949798583984,38.22999954223633,217.8866729736328,105.2249984741211,38.52000045776367,220.47332763671875,105.677001953125,22968398.0,106003200.0,37948000.0
2022-05-27,40.16999816894531,253.2100067138672,112.31649780273438,40.16999816894531,253.2100067138672,112.31649780273438,40.77000045776367,253.26666259765625,112.31800079345703,39.47999954223633,240.17666625976562,109.13849639892578,39.56999969482422,241.0833282470703,109.48300170898438,16789855.0,89295000.0,37914000.0
2022-05-31,39.599998474121094,252.75332641601562,113.76200103759766,39.599998474121094,252.75332641601562,113.76200103759766,40.349998474121094,259.6000061035156,115.73500061035156,39.41999816894531,244.7433319091797,112.07849884033203,40.06999969482422,257.9466552734375,112.74649810791016,11579046.0,101914500.0,50012000.0
2022-06-01,39.29999923706055,246.7899932861328,113.89199829101562,39.29999923706055,246.7899932861328,113.89199829101562,40.2599983215332,257.32666015625,117.10150146484375,39.2400016784668,243.63999938964844,113.25,39.79999923706055,251.72000122070312,114.8550033569336,11117247.0,77247900.0,36606000.0
2022-06-02,39.90999984741211,258.3333435058594,117.62249755859375,39.90999984741211,258.3333435058594,117.62249755859375,40.46500015258789,264.2099914550781,117.89949798583984,38.810001373291016,242.06666564941406,112.94650268554688,39.06999969482422,244.1566619873047,114.0,11696029.0,93473100.0,37992000.0
2022-06-03,40.15999984741211,234.51666259765625,114.54100036621094,40.15999984741211,234.51666259765625,114.54100036621094,41.040000915527344,247.79666137695312,116.32150268554688,39.974998474121094,233.4166717529297,113.51850128173828,40.45000076293945,243.22666931152344,116.0625,18269884.0,112393800.0,26136000.0
2022-06-06,39.560001373291016,238.27999877929688,116.82050323486328,39.560001373291016,238.27999877929688,116.82050323486328,39.939998626708984,244.86666870117188,119.34700012207031,37.91379928588867,234.35000610351562,116.16400146484375,38.15999984741211,244.35333251953125,116.70449829101562,26119634.0,84204600.0,33542000.0
2022-06-07,40.130001068115234,238.8866729736328,117.14949798583984,40.130001068115234,238.8866729736328,117.14949798583984,40.2400016784668,239.99667358398438,117.69100189208984,38.95000076293945,230.0933380126953,115.052001953125,39.084999084472656,234.0,115.48049926757812,15808735.0,72808500.0,31590000.0
2022-06-08,40.439998626708984,241.86666870117188,117.19400024414062,40.439998626708984,241.86666870117188,117.19400024414062,41.290000915527344,249.9633331298828,118.57050323486328,39.83000183105469,239.17666625976562,116.5999984741211,39.959999084472656,240.086669921875,116.7614974975586,15292960.0,76210500.0,26108000.0
2022-06-09,39.529998779296875,239.7066650390625,114.83550262451172,39.529998779296875,239.7066650390625,114.83550262451172,40.540000915527344,255.54666137695312,118.29900360107422,39.529998779296875,239.32666015625,114.7760009765625,40.25,249.33999633789062,116.32749938964844,7978363.0,96491400.0,25798000.0
2022-06-10,38.97999954223633,232.22999572753906,111.1614990234375,38.97999954223633,232.22999572753906,111.1614990234375,39.630001068115234,239.5,113.27899932861328,38.88999938964844,227.913330078125,110.36599731445312,39.52000045776367,235.1566619873047,112.44499969482422,10534875.0,97536600.0,41452000.0
2022-06-13,37.029998779296875,215.73666381835938,106.39250183105469,37.029998779296875,215.73666381835938,106.39250183105469,38.58000183105469,226.63333129882812,108.79149627685547,36.904998779296875,214.68333435058594,106.11900329589844,38.0,223.1666717529297,106.7864990234375,11599750.0,102767400.0,47252000.0
2022-06-14,37.220001220703125,220.88999938964844,106.71549987792969,37.220001220703125,220.88999938964844,106.71549987792969,38.86989974975586,226.3300018310547,107.92449951171875,37.189998626708984,211.73666381835938,105.80000305175781,37.95000076293945,218.2866668701172,106.53500366210938,13408129.0,97988700.0,33706000.0
2022-06-15,37.9900016784668,233.0,109.7645034790039,37.9900016784668,233.0,109.7645034790039,38.5099983215332,235.663330078125,111.42350006103516,37.2400016784668,218.14999389648438,107.66950225830078,37.5,220.9166717529297,108.54499816894531,14717735.0,119131800.0,39698000.0
2022-06-16,37.36000061035156,213.10000610351562,106.03350067138672,37.36000061035156,213.10000610351562,106.03350067138672,38.712100982666016,225.1666717529297,108.64849853515625,36.959999084472656,208.69332885742188,105.13800048828125,38.61000061035156,222.73666381835938,107.22100067138672,20732515.0,107390700.0,51684000.0
2022-06-17,37.779998779296875,216.75999450683594,107.14350128173828,37.779998779296875,216.75999450683594,107.14350128173828,38.04999923706055,220.97000122070312,108.69950103759766,37.02000045776367,213.19667053222656,105.0459976196289,37.31999969482422,213.43333435058594,106.03350067138672,25049181.0,92641800.0,51376000.0
2022-06-21,38.90999984741211,237.0366668701172,111.54399871826172,38.90999984741211,237.0366668701172,111.54399871826172,39.08000183105469,243.57666015625,112.489501953125,37.654998779296875,224.3333282470703,108.5999984741211,38.16999816894531,224.60333251953125,108.92949676513672,16902230.0,122793000.0,47416000.0
2022-06-22,38.529998779296875,236.086669921875,111.48750305175781,38.529998779296875,236.086669921875,111.48750305175781,39.33720016479492,246.8333282470703,113.34649658203125,38.4093017578125,233.82666015625,110.38249969482422,38.56999969482422,234.50332641601562,110.55650329589844,10831346.0,101107500.0,30774000.0
2022-06-23,38.68000030517578,235.07000732421875,112.24199676513672,38.68000030517578,235.07000732421875,112.24199676513672,39.08000183105469,239.31666564941406,112.74250030517578,38.25,228.6366729736328,110.50050354003906,38.7599983215332,237.9066619873047,112.23149871826172,6327584.0,104202600.0,28362000.0
2022-06-24,39.40999984741211,245.7066650390625,117.9749984741211,39.40999984741211,245.7066650390625,117.9749984741211,39.919898986816406,246.06666564941406,118.0790023803711,38.869998931884766,236.086669921875,112.95249938964844,39.0099983215332,237.47000122070312,112.99500274658203,18090592.0,95770800.0,41164000.0
2022-06-27,39.189998626708984,244.9199981689453,115.83350372314453,39.189998626708984,244.9199981689453,115.83350372314453,39.880001068115234,252.07000732421875,118.57949829101562,38.89500045776367,242.56666564941406,115.17949676513672,39.66999816894531,249.36666870117188,118.27300262451172,7147758.0,89178300.0,36420000.0
2022-06-28,38.790000915527344,232.663330078125,112.00749969482422,38.790000915527344,232.663330078125,112.00749969482422,39.70500183105469,249.97000122070312,117.30950164794922,38.650001525878906,232.3433380126953,111.8479995727539,39.209999084472656,244.48333740234375,115.80249786376953,6059297.0,90391200.0,35792000.0
2022-06-29,37.79999923706055,228.49000549316406,111.70149993896484,37.79999923706055,228.49000549316406,111.70149993896484,38.779998779296875,231.17333984375,113.1604995727539,37.63999938964844,222.27333068847656,110.87249755859375,38.7599983215332,230.5,111.552001953125,7178574.0,82897200.0,24716000.0
2022-06-30,37.38999938964844,224.47332763671875,108.96299743652344,37.38999938964844,224.47332763671875,108.96299743652344,38.02000045776367,229.4566650390625,110.88800048828125,36.9900016784668,218.8633270263672,106.75,37.529998779296875,224.50999450683594,110.0,7133074.0,94600500.0,43170000.0
2022-07-01,38.22999954223633,227.26333618164062,108.73750305175781,38.22999954223633,227.26333618164062,108.73750305175781,38.2400016784668,230.22999572753906,109.25,37.08000183105469,222.1199951171875,106.73049926757812,37.380001068115234,227.0,107.93299865722656,6305717.0,74460300.0,35476000.0
2022-07-05,38.380001068115234,233.06666564941406,113.26300048828125,38.380001068115234,233.06666564941406,113.26300048828125,38.63999938964844,233.14666748046875,113.37699890136719,37.24800109863281,216.1666717529297,105.73149871826172,38.18000030517578,223.0,107.10050201416016,8162005.0,84581100.0,39342000.0
2022-07-06,38.209999084472656,231.73333740234375,114.5719985961914,38.209999084472656,231.73333740234375,114.5719985961914,38.45000076293945,234.56333923339844,115.5895004272461,37.73740005493164,227.18666076660156,111.47599792480469,38.209999084472656,230.77999877929688,113.302001953125,4870258.0,71853600.0,37432000.0
2022-07-07,38.790000915527344,244.5433349609375,118.78299713134766,38.790000915527344,244.5433349609375,118.78299713134766,39.5099983215332,245.3633270263672,119.18949890136719,38.31999969482422,232.2100067138672,114.83350372314453,38.31999969482422,233.9199981689453,115.08000183105469,13214877.0,81930600.0,40936000.0
2022-07-08,36.810001373291016,250.76333618164062,119.35350036621094,36.810001373291016,250.76333618164062,119.35350036621094,37.54999923706055,254.97999572753906,119.68499755859375,36.79999923706055,241.16000366210938,116.90149688720703,37.5099983215332,242.3333282470703,117.25,29822940.0,101854200.0,38238000.0
2022-07-11,32.650001525878906,234.3433380126953,115.67649841308594,32.650001525878906,234.3433380126953,115.67649841308594,34.900001525878906,253.06333923339844,117.99800109863281,32.54999923706055,233.6266632080078,115.33049774169922,34.599998474121094,252.10333251953125,117.99800109863281,67259339.0,99241200.0,31196000.0
2022-07-12,34.060001373291016,233.07000732421875,114.02050018310547,34.060001373291016,233.07000732421875,114.02050018310547,34.38999938964844,239.77333068847656,116.9739990234375,32.52000045776367,228.3699951171875,113.69000244140625,32.7599983215332,236.84666442871094,116.21499633789062,29539372.0,87930900.0,29960000.0
2022-07-13,36.75,237.0399932861328,111.35350036621094,36.75,237.0399932861328,111.35350036621094,37.15999984741211,242.05999755859375,114.19599914550781,34.79999923706055,225.03334045410156,111.20149993896484,34.95000076293945,225.5,111.70099639892578,50267711.0,97954500.0,43722000.0
2022-07-14,36.290000915527344,238.31333923339844,110.36750030517578,36.290000915527344,238.31333923339844,110.36750030517578,37.099998474121094,238.65333557128906,111.09300231933594,36.189998626708984,229.3333282470703,108.37300109863281,36.59000015258789,234.89666748046875,110.21050262451172,18951620.0,78557400.0,37004000.0
2022-07-15,37.7400016784668,240.06666564941406,111.77749633789062,37.7400016784668,240.06666564941406,111.77749633789062,37.77199935913086,243.6233367919922,113.1405029296875,36.27000045776367,236.88999938964844,110.9000015258789,36.619998931884766,240.0,112.00050354003906,14809322.0,69683100.0,46770000.0
2022-07-18,38.40999984741211,240.54666137695312,109.02999877929688,38.40999984741211,240.54666137695312,109.02999877929688,38.755001068115234,250.51666259765625,113.68000030517578,37.34000015258789,239.60333251953125,108.37000274658203,37.58000183105469,244.93666076660156,112.63999938964844,15147525.0,82537500.0,43164600.0
2022-07-19,39.4900016784668,245.52999877929688,113.80999755859375,39.4900016784668,245.52999877929688,113.80999755859375,40.5,247.13999938964844,114.0199966430664,38.5,236.97666931152344,109.55999755859375,38.5099983215332,245.0,110.8499984741211,37491773.0,80890200.0,36530900.0
2022-07-20,39.599998474121094,247.5,113.9000015258789,39.599998474121094,247.5,113.9000015258789,40.005001068115234,250.663330078125,115.4000015258789,38.81999969482422,243.48333740234375,112.4800033569336,39.560001373291016,246.78334045410156,113.16999816894531,13946408.0,88864200.0,35600400.0
2022-07-21,39.52000045776367,271.7066650390625,114.33999633789062,39.52000045776367,271.7066650390625,114.33999633789062,40.099998474121094,273.26666259765625,114.55000305175781,39.119998931884766,254.86666870117188,111.11000061035156,39.5,255.10667419433594,114.27999877929688,11409767.0,142032300.0,32676200.0
2022-07-22,39.84000015258789,272.24334716796875,107.9000015258789,39.84000015258789,272.24334716796875,107.9000015258789,40.18000030517578,280.78668212890625,112.33999633789062,38.709999084472656,270.71331787109375,106.5,38.900001525878906,276.2200012207031,111.0,25188675.0,103472700.0,48901200.0
2022-07-25,39.2400016784668,268.4333190917969,107.51000213623047,39.2400016784668,268.4333190917969,107.51000213623047,39.599998474121094,274.14666748046875,109.87000274658203,38.73550033569336,267.3999938964844,106.30000305175781,39.22999954223633,272.2166748046875,108.41000366210938,10395602.0,64073400.0,34690900.0
2022-07-26,39.34000015258789,258.8599853515625,105.0199966430664,39.34000015258789,258.8599853515625,105.0199966430664,39.529998779296875,267.30999755859375,107.19999694824219,38.88999938964844,256.2633361816406,104.06999969482422,39.08000183105469,266.5133361816406,106.5999984741211,12637219.0,66820800.0,47991000.0
2022-07-27,39.849998474121094,274.82000732421875,113.05999755859375,39.849998474121094,274.82000732421875,113.05999755859375,40.11000061035156,275.9266662597656,113.91000366210938,39.13119888305664,261.7900085449219,108.01000213623047,39.58000183105469,263.80999755859375,109.26000213623047,11598069.0,88110000.0,59858500.0
2022-07-28,40.88999938964844,280.8999938964844,114.22000122070312,40.88999938964844,280.8999938964844,114.22000122070312,40.900001525878906,283.29998779296875,114.33999633789062,39.58060073852539,272.79998779296875,111.45999908447266,39.7599983215332,280.0666809082031,112.37000274658203,10153642.0,84723000.0,32816600.0
2022-07-29,41.61000061035156,297.1499938964844,116.31999969482422,41.61000061035156,297.1499938964844,116.31999969482422,41.779998779296875,298.32000732421875,116.70999908447266,40.75,279.1000061035156,113.05999755859375,40.79999923706055,280.70001220703125,113.08000183105469,11787736.0,95313000.0,37223400.0
2022-08-01,40.88999938964844,297.27667236328125,114.86000061035156,40.88999938964844,297.27667236328125,114.86000061035156,41.349998474121094,311.8766784667969,116.72000122070312,40.459999084472656,295.0,114.33999633789062,41.119998931884766,301.27667236328125,115.30000305175781,14094775.0,117042900.0,26034300.0
2022-08-02,40.97999954223633,300.586669921875,115.12999725341797,40.97999954223633,300.586669921875,115.12999725341797,41.27000045776367,307.8333435058594,116.3499984741211,40.650001525878906,292.6666564941406,113.72000122070312,40.75,294.0033264160156,114.0,5244403.0,95577600.0,20236000.0
2022-08-03,41.0,307.39666748046875,118.08000183105469,41.0,307.39666748046875,118.08000183105469,41.38999938964844,309.54998779296875,118.62000274658203,40.88999938964844,301.1499938964844,115.4800033569336,41.0,305.0,115.70999908447266,9348811.0,80091000.0,28499000.0
2022-08-04,41.060001373291016,308.6333312988281,118.19000244140625,41.060001373291016,308.6333312988281,118.19000244140625,41.22999954223633,313.6066589355469,118.77999877929688,40.54999923706055,305.0,116.88999938964844,41.0,311.0,117.4800033569336,6169363.0,72256200.0,21602900.0
2022-08-05,42.52000045776367,288.1700134277344,117.47000122070312,42.52000045776367,288.1700134277344,117.47000122070312,42.65999984741211,304.6066589355469,118.11000061035156,40.599998474121094,285.5433349609375,116.0,40.810001373291016,302.6700134277344,116.2300033569336,16048236.0,113172900.0,19159500.0
2022-08-08,42.939998626708984,290.42333984375,117.30000305175781,42.939998626708984,290.42333984375,117.30000305175781,43.54499816894531,305.20001220703125,120.1500015258789,42.869998931884766,289.086669921875,116.87999725341797,42.939998626708984,295.0,118.38999938964844,8130857.0,98994000.0,19138300.0
2022-08-09,42.83000183105469,283.3333435058594,116.62999725341797,42.83000183105469,283.3333435058594,116.62999725341797,43.1150016784668,292.39666748046875,117.31999969482422,42.60089874267578,279.35333251953125,115.70999908447266,42.779998779296875,290.2933349609375,117.13999938964844,8309624.0,86244600.0,19086500.0
2022-08-10,44.43000030517578,294.3566589355469,119.69999694824219,44.43000030517578,294.3566589355469,119.69999694824219,44.650001525878906,297.510009765625,120.91999816894531,43.82749938964844,283.3699951171875,118.41000366210938,44.52000045776367,297.0666809082031,118.77999877929688,14507171.0,94918800.0,30930400.0
2022-08-11,43.939998626708984,286.6300048828125,118.83999633789062,43.939998626708984,286.6300048828125,118.83999633789062,44.630001068115234,298.2366638183594,121.48999786376953,43.6349983215332,285.8333435058594,118.55999755859375,44.369998931884766,296.5133361816406,121.27999877929688,7254851.0,70155000.0,24293700.0
2022-08-12,44.2599983215332,300.0299987792969,121.68000030517578,44.2599983215332,300.0299987792969,121.68000030517578,44.599998474121094,300.1600036621094,121.68000030517578,43.93000030517578,285.0333251953125,119.45999908447266,44.0099983215332,289.4166564941406,120.26000213623047,7857453.0,79657200.0,19096300.0
2022-08-15,44.5,309.32000732421875,122.08000183105469,44.5,309.32000732421875,122.08000183105469,44.775001525878906,313.1333312988281,122.30000305175781,43.95800018310547,301.2300109863281,120.61000061035156,44.189998626708984,301.78668212890625,121.12999725341797,8955100.0,89359200.0,19494800.0
2022-08-16,44.400001525878906,306.5633239746094,121.69999694824219,44.400001525878906,306.5633239746094,121.69999694824219,45.0,314.6666564941406,122.43000030517578,44.2400016784668,302.8833312988281,120.63999938964844,44.34000015258789,311.6666564941406,121.5199966430664,7924144.0,88136400.0,19041200.0
2022-08-17,43.9900016784668,303.9966735839844,119.55000305175781,43.9900016784668,303.9966735839844,119.55000305175781,44.5099983215332,309.65667724609375,121.29000091552734,43.849998474121094,300.0333251953125,119.37999725341797,44.25,303.39666748046875,120.12000274658203,6111904.0,68766000.0,22847000.0
2022-08-18,43.86000061035156,302.8699951171875,120.16999816894531,43.86000061035156,302.8699951171875,120.16999816894531,44.439998626708984,306.5,120.81999969482422,43.810001373291016,301.85333251953125,118.72000122070312,44.119998931884766,306.0,119.43000030517578,6289503.0,47500500.0,17987700.0
2022-08-19,43.9900016784668,296.6666564941406,117.20999908447266,43.9900016784668,296.6666564941406,117.20999908447266,44.0099983215332,300.3599853515625,119.1500015258789,43.349998474121094,292.5,116.76000213623047,43.52000045776367,299.0,119.05999755859375,8103532.0,61395300.0,21809500.0
2022-08-22,43.0099983215332,289.913330078125,114.23999786376953,43.0099983215332,289.913330078125,114.23999786376953,43.65999984741211,292.3999938964844,115.62999725341797,42.810001373291016,286.2966613769531,113.8499984741211,43.5,291.913330078125,115.19999694824219,7904473.0,55843200.0,21456600.0
2022-08-23,39.86000061035156,296.4533386230469,113.86000061035156,39.86000061035156,296.4533386230469,113.86000061035156,41.939998626708984,298.82666015625,115.01000213623047,39.84809875488281,287.92333984375,113.43000030517578,41.36000061035156,291.4533386230469,113.4800033569336,26037265.0,63984900.0,15870400.0
2022-08-24,40.790000915527344,297.0966796875,113.69000244140625,40.790000915527344,297.0966796875,113.69000244140625,40.9900016784668,303.64666748046875,114.77999877929688,38.77000045776367,296.5,112.87000274658203,39.279998779296875,297.5633239746094,113.5,17136655.0,57259800.0,17734600.0
2022-08-25,41.04999923706055,296.07000732421875,116.6500015258789,41.04999923706055,296.07000732421875,116.6500015258789,41.4900016784668,302.9599914550781,116.72000122070312,40.16999816894531,291.6000061035156,114.11000061035156,40.5,302.3599853515625,114.23999786376953,10349518.0,53230000.0,16956800.0
2022-08-26,40.459999084472656,288.0899963378906,110.33999633789062,40.459999084472656,288.0899963378906,110.33999633789062,41.19940185546875,302.0,115.12000274658203,40.22999954223633,287.4700012207031,110.19000244140625,41.150001525878906,297.42999267578125,114.72000122070312,10144129.0,57163900.0,37245700.0
2022-08-29,40.040000915527344,284.82000732421875,109.41999816894531,40.040000915527344,284.82000732421875,109.41999816894531,40.595001220703125,287.739990234375,110.94999694824219,39.9900016784668,280.70001220703125,108.80000305175781,40.220001220703125,282.8299865722656,109.98999786376953,6695767.0,41864700.0,21191200.0
2022-08-30,39.31999969482422,277.70001220703125,108.94000244140625,39.31999969482422,277.70001220703125,108.94000244140625,40.09000015258789,288.4800109863281,110.5,39.06999969482422,272.6499938964844,107.80000305175781,39.869998931884766,287.8699951171875,110.16999816894531,9617948.0,50541800.0,27513300.0
2022-08-31,38.75,275.6099853515625,108.22000122070312,38.75,275.6099853515625,108.22000122070312,40.04999923706055,281.25,110.8499984741211,38.595001220703125,271.80999755859375,108.12999725341797,39.97999954223633,280.6199951171875,110.6500015258789,16862823.0,52107300.0,28627000.0
2022-09-01,38.619998931884766,277.1600036621094,109.73999786376953,38.619998931884766,277.1600036621094,109.73999786376953,38.91999816894531,277.5799865722656,110.44999694824219,38.439998626708984,266.1499938964844,107.36000061035156,38.63999938964844,272.5799865722656,108.27999877929688,8607759.0,54287000.0,28360900.0
2022-09-02,38.630001068115234,270.2099914550781,107.8499984741211,38.630001068115234,270.2099914550781,107.8499984741211,39.005001068115234,282.3500061035156,110.73999786376953,38.290000915527344,269.0799865722656,107.26000213623047,38.86000061035156,281.07000732421875,110.58999633789062,7925508.0,50890100.0,24160700.0
2022-09-06,38.650001525878906,274.4200134277344,106.80999755859375,38.650001525878906,274.4200134277344,106.80999755859375,39.09000015258789,275.989990234375,108.02999877929688,38.060001373291016,265.739990234375,105.77999877929688,38.619998931884766,272.67999267578125,107.30000305175781,11275507.0,55860000.0,25068300.0
2022-09-07,41.20000076293945,283.70001220703125,109.44999694824219,41.20000076293945,283.70001220703125,109.44999694824219,41.25,283.8399963378906,109.9800033569336,39.29999923706055,272.2699890136719,106.9000015258789,39.29999923706055,273.1000061035156,107.05999755859375,18293674.0,50028900.0,23167000.0
2022-09-08,41.849998474121094,289.260009765625,108.37999725341797,41.849998474121094,289.260009765625,108.37999725341797,42.16999816894531,289.5,109.5999984741211,40.97999954223633,279.760009765625,107.16000366210938,41.0,281.29998779296875,108.04000091552734,11829192.0,53713100.0,24238300.0
2022-09-09,42.189998626708984,299.67999267578125,110.6500015258789,42.189998626708984,299.67999267578125,110.6500015258789,42.29999923706055,299.8500061035156,110.98999786376953,41.505001068115234,291.25,109.0199966430664,41.880001068115234,291.6700134277344,109.06999969482422,7422753.0,54338100.0,23197700.0
2022-09-12,41.40999984741211,304.4200134277344,110.86000061035156,41.40999984741211,304.4200134277344,110.86000061035156,41.900001525878906,305.489990234375,111.62000274658203,41.249900817871094,300.3999938964844,109.93000030517578,41.810001373291016,300.7200012207031,110.98999786376953,7905599.0,48674600.0,22966800.0
2022-09-13,41.7400016784668,292.1300048828125,104.31999969482422,41.7400016784668,292.1300048828125,104.31999969482422,42.470001220703125,297.3999938964844,108.30000305175781,40.470001220703125,290.3999938964844,104.08999633789062,40.7599983215332,292.8999938964844,107.80000305175781,14334134.0,68229600.0,38172900.0
2022-09-14,41.900001525878906,302.6099853515625,105.0,41.900001525878906,302.6099853515625,105.0,41.90999984741211,306.0,105.27999877929688,41.25,291.6400146484375,103.66000366210938,41.75,292.239990234375,104.56999969482422,8098525.0,72628700.0,26395100.0
2022-09-15,42.13999938964844,303.75,102.91000366210938,42.13999938964844,303.75,102.91000366210938,42.439998626708984,309.1199951171875,105.2699966430664,41.5,300.7200012207031,102.3499984741211,41.75,301.8299865722656,104.02999877929688,9254200.0,64795500.0,34188300.0
2022-09-16,41.45000076293945,303.3500061035156,102.80000305175781,41.45000076293945,303.3500061035156,102.80000305175781,41.95000076293945,303.7099914550781,103.12999725341797,41.25,295.6000061035156,100.94000244140625,41.83000183105469,299.6099853515625,102.06999969482422,26474037.0,87087800.0,42797200.0
2022-09-19,41.65999984741211,309.07000732421875,103.06999969482422,41.65999984741211,309.07000732421875,103.06999969482422,41.7400016784668,309.8399963378906,103.33000183105469,41.209999084472656,297.79998779296875,101.55000305175781,41.400001525878906,300.0899963378906,101.75,7223513.0,60231200.0,23036800.0
2022-09-20,41.68000030517578,308.7300109863281,101.13999938964844,41.68000030517578,308.7300109863281,101.13999938964844,42.11000061035156,313.3299865722656,102.37000274658203,40.93000030517578,305.5799865722656,100.5199966430664,41.439998626708984,306.9100036621094,102.08000183105469,7229122.0,61642800.0,26517100.0
2022-09-21,41.27000045776367,300.79998779296875,99.27999877929688,41.27000045776367,300.79998779296875,99.27999877929688,42.185001373291016,313.79998779296875,102.87999725341797,41.27000045776367,300.6300048828125,99.2699966430664,41.790000915527344,308.2900085449219,101.66999816894531,7623288.0,62555700.0,31487300.0
2022-09-22,41.400001525878906,288.5899963378906,100.13999938964844,41.400001525878906,288.5899963378906,100.13999938964844,41.77000045776367,301.2900085449219,101.23999786376953,41.25,285.82000732421875,98.79000091552734,41.38999938964844,299.8599853515625,98.81999969482422,5868083.0,70545400.0,34298600.0
2022-09-23,41.58000183105469,275.3299865722656,98.73999786376953,41.58000183105469,275.3299865722656,98.73999786376953,41.77000045776367,284.5,99.66000366210938,40.845001220703125,272.82000732421875,97.47000122070312,41.47999954223633,283.0899963378906,99.62999725341797,9139135.0,63748400.0,31625400.0
2022-09-26,41.52000045776367,276.010009765625,98.16999816894531,41.52000045776367,276.010009765625,98.16999816894531,43.519901275634766,284.0899963378906,99.87999725341797,40.65999984741211,270.30999755859375,97.80000305175781,41.5,271.8299865722656,98.0999984741211,23916964.0,58076900.0,27072700.0
2022-09-27,42.09000015258789,282.94000244140625,97.5,42.09000015258789,282.94000244140625,97.5,42.18000030517578,288.6700134277344,100.0,41.279998779296875,277.510009765625,96.87000274658203,41.7400016784668,283.8399963378906,99.43000030517578,8306887.0,61925200.0,30072800.0
2022-09-28,43.25,287.80999755859375,100.05000305175781,43.25,287.80999755859375,100.05000305175781,43.529998779296875,289.0,100.69999694824219,42.380001068115234,277.57000732421875,97.11000061035156,42.59000015258789,283.0799865722656,97.6500015258789,13318872.0,54664800.0,32466300.0
2022-09-29,42.7400016784668,268.2099914550781,97.41999816894531,42.7400016784668,268.2099914550781,97.41999816894531,43.16999816894531,283.6499938964844,98.63999938964844,42.38999938964844,265.7799987792969,95.95999908447266,43.0,282.760009765625,98.63999938964844,8716979.0,77620600.0,31047200.0
2022-09-30,43.84000015258789,265.25,95.6500015258789,43.84000015258789,265.25,95.6500015258789,44.65999984741211,275.57000732421875,98.9000015258789,42.744998931884766,262.4700012207031,95.55999755859375,42.88999938964844,266.1499938964844,97.05000305175781,25890492.0,67726600.0,32941500.0
2022-10-03,42.540000915527344,242.39999389648438,98.63999938964844,42.540000915527344,242.39999389648438,98.63999938964844,43.900001525878906,255.16000366210938,99.29000091552734,42.22999954223633,241.00999450683594,96.5199966430664,43.900001525878906,254.5,96.76000213623047,13143223.0,98363500.0,27982000.0
2022-10-04,52.0,249.44000244140625,101.63999938964844,52.0,249.44000244140625,101.63999938964844,52.29999923706055,257.5,101.83999633789062,42.54999923706055,242.00999450683594,100.37999725341797,42.810001373291016,250.52000427246094,100.44000244140625,52151860.0,109578500.0,28850800.0
2022-10-05,51.29999923706055,240.80999755859375,101.43000030517578,51.29999923706055,240.80999755859375,101.43000030517578,52.0,246.6699981689453,101.93000030517578,50.20000076293945,233.27000427246094,98.80000305175781,50.2599983215332,245.00999450683594,99.83000183105469,74555835.0,86982700.0,22176900.0
2022-10-06,49.38999938964844,238.1300048828125,101.41999816894531,49.38999938964844,238.1300048828125,101.41999816894531,51.54999923706055,244.5800018310547,102.93000030517578,49.290000915527344,235.35000610351562,100.58999633789062,50.97999954223633,239.44000244140625,100.68000030517578,68511078.0,69298400.0,22324000.0
2022-10-07,49.18000030517578,223.07000732421875,98.68000030517578,49.18000030517578,223.07000732421875,98.68000030517578,49.52000045776367,234.57000732421875,100.52999877929688,48.13999938964844,222.02000427246094,98.30000305175781,49.02000045776367,233.94000244140625,99.8499984741211,32630102.0,83916800.0,27502800.0
2022-10-10,50.36000061035156,222.9600067138672,97.86000061035156,50.36000061035156,222.9600067138672,97.86000061035156,50.86000061035156,226.99000549316406,99.0999984741211,49.5,218.36000061035156,97.01000213623047,49.65999984741211,223.92999267578125,99.0,22272449.0,67925000.0,18225100.0
2022-10-11,50.06999969482422,216.5,97.18000030517578,50.06999969482422,216.5,97.18000030517578,50.550201416015625,225.75,99.25,49.80929946899414,215.0,96.30999755859375,50.029998779296875,220.9499969482422,97.43000030517578,11626795.0,77013200.0,26507100.0
2022-10-12,49.939998626708984,217.24000549316406,97.55999755859375,49.939998626708984,217.24000549316406,97.55999755859375,50.5,219.3000030517578,98.75,49.810001373291016,211.50999450683594,96.73999786376953,50.0099983215332,215.3300018310547,97.30000305175781,11827822.0,66860700.0,21876400.0
2022-10-13,50.34000015258789,221.72000122070312,99.05999755859375,50.34000015258789,221.72000122070312,99.05999755859375,51.06999969482422,222.99000549316406,99.77999877929688,49.52000045776367,206.22000122070312,94.37999725341797,49.79999923706055,208.3000030517578,95.1500015258789,18641291.0,91483000.0,34574500.0
2022-10-14,50.45000076293945,204.99000549316406,96.55999755859375,50.45000076293945,204.99000549316406,96.55999755859375,50.8650016784668,226.25999450683594,100.69000244140625,50.29999923706055,204.16000366210938,96.37000274658203,50.4900016784668,224.00999450683594,99.98999786376953,10075908.0,94124500.0,25410700.0
2022-10-17,50.7400016784668,219.35000610351562,99.97000122070312,50.7400016784668,219.35000610351562,99.97000122070312,50.900001525878906,221.86000061035156,100.93000030517578,50.20000076293945,209.4499969482422,98.83000183105469,50.5,210.0399932861328,98.86000061035156,14101270.0,79428800.0,28419200.0
2022-10-18,51.779998779296875,220.19000244140625,100.7699966430664,51.779998779296875,220.19000244140625,100.7699966430664,52.099998474121094,229.82000732421875,103.47000122070312,50.849998474121094,217.25,99.97000122070312,51.099998474121094,229.5,103.12999725341797,18533907.0,75891900.0,24060700.0
2022-10-19,51.83000183105469,222.0399932861328,99.62999725341797,51.83000183105469,222.0399932861328,99.62999725341797,52.15999984741211,222.92999267578125,101.0199966430664,51.2599983215332,217.77999877929688,98.91999816894531,51.79999923706055,219.8000030517578,100.01000213623047,10057928.0,66571500.0,23811100.0
2022-10-20,52.439998626708984,207.27999877929688,99.97000122070312,52.439998626708984,207.27999877929688,99.97000122070312,52.70000076293945,215.5500030517578,102.31999969482422,51.599998474121094,202.0,99.38999938964844,52.20000076293945,208.27999877929688,100.0,25461019.0,117798100.0,25323200.0
2022-10-21,49.88999938964844,214.44000244140625,101.12999725341797,49.88999938964844,214.44000244140625,101.12999725341797,50.75,214.66000366210938,101.30999755859375,49.54999923706055,203.8000030517578,97.72000122070312,50.0,206.4199981689453,97.8499984741211,51209029.0,75713800.0,32458700.0
2022-10-24,51.52000045776367,211.25,102.5199966430664,51.52000045776367,211.25,102.5199966430664,51.86000061035156,213.5,102.75,50.52000045776367,198.58999633789062,99.9800033569336,50.709999084472656,205.82000732421875,101.80000305175781,22987553.0,100446800.0,27176400.0
2022-10-25,52.779998779296875,222.4199981689453,104.4800033569336,52.779998779296875,222.4199981689453,104.4800033569336,53.18000030517578,224.35000610351562,104.81999969482422,52.20000076293945,210.0,102.72000122070312,52.415000915527344,210.10000610351562,102.9000015258789,35077848.0,96507900.0,40611400.0
2022-10-26,53.349998474121094,224.63999938964844,94.93000030517578,53.349998474121094,224.63999938964844,94.93000030517578,53.5,230.60000610351562,98.30999755859375,52.77000045776367,218.1999969482422,94.69000244140625,52.95000076293945,219.39999389648438,96.43000030517578,28064973.0,85012500.0,88114100.0
2022-10-27,53.70000076293945,225.08999633789062,92.22000122070312,53.70000076293945,225.08999633789062,92.22000122070312,54.0,233.80999755859375,95.43000030517578,53.70000076293945,222.85000610351562,91.80000305175781,53.90999984741211,229.77000427246094,94.5199966430664,136345128.0,61638800.0,60710900.0
2022-10-28,,228.52000427246094,96.29000091552734,,228.52000427246094,96.29000091552734,,228.86000061035156,96.55000305175781,,216.35000610351562,92.12999725341797,,225.39999389648438,92.2699966430664,,69152400.0,43697300.0
2022-10-31,,227.5399932861328,94.51000213623047,,227.5399932861328,94.51000213623047,,229.85000610351562,96.02999877929688,,221.94000244140625,93.9800033569336,,226.19000244140625,95.41999816894531,,61554300.0,31675000.0
2022-11-01,,227.82000732421875,90.47000122070312,,227.82000732421875,90.47000122070312,,237.39999389648438,96.02999877929688,,227.27999877929688,90.37000274658203,,234.0500030517578,95.44999694824219,,62688800.0,47161400.0
2022-11-02,,214.97999572753906,86.97000122070312,,214.97999572753906,86.97000122070312,,227.8699951171875,91.18000030517578,,214.82000732421875,86.87999725341797,,226.0399932861328,90.94000244140625,,63070300.0,57038300.0
2022-11-03,,215.30999755859375,83.43000030517578,,215.30999755859375,83.43000030517578,,221.1999969482422,86.5199966430664,,210.13999938964844,83.33999633789062,,211.36000061035156,86.31999969482422,,56538800.0,61288000.0
2022-11-04,,207.47000122070312,86.58000183105469,,207.47000122070312,86.58000183105469,,223.8000030517578,86.63999938964844,,203.0800018310547,83.70999908447266,,222.60000610351562,85.4000015258789,,98453100.0,51105600.0
2022-11-07,,197.0800018310547,88.48999786376953,,197.0800018310547,88.48999786376953,,208.89999389648438,88.9000015258789,,196.66000366210938,86.8499984741211,,208.64999389648438,87.27999877929688,,93916500.0,34078900.0
2022-11-08,,191.3000030517578,88.9000015258789,,191.3000030517578,88.9000015258789,,195.1999969482422,90.31999969482422,,186.75,87.58999633789062,,194.02000427246094,88.9000015258789,,128803400.0,30429000.0
2022-11-09,,177.58999633789062,87.31999969482422,,177.58999633789062,87.31999969482422,,195.88999938964844,89.44000244140625,,177.1199951171875,87.27999877929688,,190.77999877929688,88.44999694824219,,127062700.0,31769100.0
2022-11-10,,190.72000122070312,93.94000244140625,,190.72000122070312,93.94000244140625,,191.0,94.38999938964844,,180.02999877929688,91.61000061035156,,189.89999389648438,92.25,,132703000.0,51620100.0
2022-11-11,,195.97000122070312,96.41000366210938,,195.97000122070312,96.41000366210938,,196.52000427246094,96.93000030517578,,182.58999633789062,93.91999816894531,,186.0,94.69000244140625,,114229200.0,33072500.0
2022-11-14,,190.9499969482422,95.69999694824219,,190.9499969482422,95.69999694824219,,195.72999572753906,96.79000091552734,,186.33999633789062,94.51000213623047,,192.77000427246094,95.08999633789062,,92226600.0,30179500.0
2022-11-15,,194.4199981689453,98.44000244140625,,194.4199981689453,98.44000244140625,,200.82000732421875,100.13999938964844,,192.05999755859375,96.70999908447266,,195.8800048828125,98.26000213623047,,91293800.0,41640800.0
2022-11-16,,186.9199981689453,98.8499984741211,,186.9199981689453,98.8499984741211,,192.57000732421875,99.63999938964844,,185.66000366210938,97.63999938964844,,191.50999450683594,97.9000015258789,,66567600.0,29105200.0
